"Program","Year","Period","Week Ending","Geo Level","State","State ANSI","Ag District","Ag District Code","County","County ANSI","Zip Code","Region","watershed_code","Watershed","Commodity","Data Item","Domain","Domain Category","Value","CV (%)"
"SURVEY","2015","YEAR","","COUNTY","IDAHO","16","NORTH","10","BENEWAH","009","","","00000000","","WHEAT","WHEAT, WINTER - PRODUCTION, MEASURED IN BU","TOTAL","NOT SPECIFIED","1,400,900",""
"SURVEY","2015","YEAR","","COUNTY","IDAHO","16","NORTH","10","IDAHO","049","","","00000000","","WHEAT","WHEAT, WINTER - PRODUCTION, MEASURED IN BU","TOTAL","NOT SPECIFIED","3,515,200",""
"SURVEY","2015","YEAR","","COUNTY","IDAHO","16","NORTH","10","LATAH","057","","","00000000","","WHEAT","WHEAT, WINTER - PRODUCTION, MEASURED IN BU","TOTAL","NOT SPECIFIED","4,805,800",""
"SURVEY","2015","YEAR","","COUNTY","IDAHO","16","NORTH","10","LEWIS","061","","","00000000","","WHEAT","WHEAT, WINTER - PRODUCTION, MEASURED IN BU","TOTAL","NOT SPECIFIED","4,202,000",""
"SURVEY","2015","YEAR","","COUNTY","IDAHO","16","NORTH","10","NEZ PERCE","069","","","00000000","","WHEAT","WHEAT, WINTER - PRODUCTION, MEASURED IN BU","TOTAL","NOT SPECIFIED","5,441,000",""
"SURVEY","2014","YEAR","","COUNTY","IDAHO","16","NORTH","10","BENEWAH","009","","","00000000","","WHEAT","WHEAT, WINTER - PRODUCTION, MEASURED IN BU","TOTAL","NOT SPECIFIED","1,637,000",""
"SURVEY","2014","YEAR","","COUNTY","IDAHO","16","NORTH","10","IDAHO","049","","","00000000","","WHEAT","WHEAT, WINTER - PRODUCTION, MEASURED IN BU","TOTAL","NOT SPECIFIED","4,328,000",""
"SURVEY","2014","YEAR","","COUNTY","IDAHO","16","NORTH","10","LATAH","057","","","00000000","","WHEAT","WHEAT, WINTER - PRODUCTION, MEASURED IN BU","TOTAL","NOT SPECIFIED","4,714,000",""
"SURVEY","2014","YEAR","","COUNTY","IDAHO","16","NORTH","10","LEWIS","061","","","00000000","","WHEAT","WHEAT, WINTER - PRODUCTION, MEASURED IN BU","TOTAL","NOT SPECIFIED","4,555,000",""
"SURVEY","2013","YEAR","","COUNTY","IDAHO","16","NORTH","10","BENEWAH","009","","","00000000","","WHEAT","WHEAT, WINTER - PRODUCTION, MEASURED IN BU","TOTAL","NOT SPECIFIED","1,955,000",""
"SURVEY","2013","YEAR","","COUNTY","IDAHO","16","NORTH","10","IDAHO","049","","","00000000","","WHEAT","WHEAT, WINTER - PRODUCTION, MEASURED IN BU","TOTAL","NOT SPECIFIED","4,575,000",""
"SURVEY","2013","YEAR","","COUNTY","IDAHO","16","NORTH","10","LATAH","057","","","00000000","","WHEAT","WHEAT, WINTER - PRODUCTION, MEASURED IN BU","TOTAL","NOT SPECIFIED","5,760,000",""
"SURVEY","2013","YEAR","","COUNTY","IDAHO","16","NORTH","10","LEWIS","061","","","00000000","","WHEAT","WHEAT, WINTER - PRODUCTION, MEASURED IN BU","TOTAL","NOT SPECIFIED","4,795,000",""
"SURVEY","2013","YEAR","","COUNTY","IDAHO","16","NORTH","10","NEZ PERCE","069","","","00000000","","WHEAT","WHEAT, WINTER - PRODUCTION, MEASURED IN BU","TOTAL","NOT SPECIFIED","5,410,000",""
"SURVEY","2012","YEAR","","COUNTY","IDAHO","16","NORTH","10","BENEWAH","009","","","00000000","","WHEAT","WHEAT, WINTER - PRODUCTION, MEASURED IN BU","TOTAL","NOT SPECIFIED","2,010,000",""
"SURVEY","2012","YEAR","","COUNTY","IDAHO","16","NORTH","10","IDAHO","049","","","00000000","","WHEAT","WHEAT, WINTER - PRODUCTION, MEASURED IN BU","TOTAL","NOT SPECIFIED","5,020,000",""
"SURVEY","2012","YEAR","","COUNTY","IDAHO","16","NORTH","10","LATAH","057","","","00000000","","WHEAT","WHEAT, WINTER - PRODUCTION, MEASURED IN BU","TOTAL","NOT SPECIFIED","5,810,000",""
"SURVEY","2012","YEAR","","COUNTY","IDAHO","16","NORTH","10","LEWIS","061","","","00000000","","WHEAT","WHEAT, WINTER - PRODUCTION, MEASURED IN BU","TOTAL","NOT SPECIFIED","5,170,000",""
"SURVEY","2012","YEAR","","COUNTY","IDAHO","16","NORTH","10","NEZ PERCE","069","","","00000000","","WHEAT","WHEAT, WINTER - PRODUCTION, MEASURED IN BU","TOTAL","NOT SPECIFIED","5,810,000",""
"SURVEY","2011","YEAR","","COUNTY","IDAHO","16","NORTH","10","BENEWAH","009","","","00000000","","WHEAT","WHEAT, WINTER - PRODUCTION, MEASURED IN BU","TOTAL","NOT SPECIFIED","1,768,000",""
"SURVEY","2011","YEAR","","COUNTY","IDAHO","16","NORTH","10","CLEARWATER","035","","","00000000","","WHEAT","WHEAT, WINTER - PRODUCTION, MEASURED IN BU","TOTAL","NOT SPECIFIED","570,000",""
"SURVEY","2011","YEAR","","COUNTY","IDAHO","16","NORTH","10","IDAHO","049","","","00000000","","WHEAT","WHEAT, WINTER - PRODUCTION, MEASURED IN BU","TOTAL","NOT SPECIFIED","3,560,000",""
"SURVEY","2011","YEAR","","COUNTY","IDAHO","16","NORTH","10","LATAH","057","","","00000000","","WHEAT","WHEAT, WINTER - PRODUCTION, MEASURED IN BU","TOTAL","NOT SPECIFIED","5,550,000",""
"SURVEY","2011","YEAR","","COUNTY","IDAHO","16","NORTH","10","LEWIS","061","","","00000000","","WHEAT","WHEAT, WINTER - PRODUCTION, MEASURED IN BU","TOTAL","NOT SPECIFIED","5,110,000",""
"SURVEY","2010","YEAR","","COUNTY","IDAHO","16","NORTH","10","BENEWAH","009","","","00000000","","WHEAT","WHEAT, WINTER - PRODUCTION, MEASURED IN BU","TOTAL","NOT SPECIFIED","1,990,000",""
"SURVEY","2010","YEAR","","COUNTY","IDAHO","16","NORTH","10","CLEARWATER","035","","","00000000","","WHEAT","WHEAT, WINTER - PRODUCTION, MEASURED IN BU","TOTAL","NOT SPECIFIED","614,000",""
"SURVEY","2010","YEAR","","COUNTY","IDAHO","16","NORTH","10","IDAHO","049","","","00000000","","WHEAT","WHEAT, WINTER - PRODUCTION, MEASURED IN BU","TOTAL","NOT SPECIFIED","4,330,000",""
"SURVEY","2010","YEAR","","COUNTY","IDAHO","16","NORTH","10","LATAH","057","","","00000000","","WHEAT","WHEAT, WINTER - PRODUCTION, MEASURED IN BU","TOTAL","NOT SPECIFIED","5,430,000",""
"SURVEY","2010","YEAR","","COUNTY","IDAHO","16","NORTH","10","LEWIS","061","","","00000000","","WHEAT","WHEAT, WINTER - PRODUCTION, MEASURED IN BU","TOTAL","NOT SPECIFIED","4,460,000",""
"SURVEY","2010","YEAR","","COUNTY","IDAHO","16","NORTH","10","NEZ PERCE","069","","","00000000","","WHEAT","WHEAT, WINTER - PRODUCTION, MEASURED IN BU","TOTAL","NOT SPECIFIED","6,370,000",""
"SURVEY","2009","YEAR","","COUNTY","IDAHO","16","NORTH","10","BENEWAH","009","","","00000000","","WHEAT","WHEAT, WINTER - PRODUCTION, MEASURED IN BU","TOTAL","NOT SPECIFIED","1,789,000",""
"SURVEY","2009","YEAR","","COUNTY","IDAHO","16","NORTH","10","CLEARWATER","035","","","00000000","","WHEAT","WHEAT, WINTER - PRODUCTION, MEASURED IN BU","TOTAL","NOT SPECIFIED","485,000",""
"SURVEY","2009","YEAR","","COUNTY","IDAHO","16","NORTH","10","IDAHO","049","","","00000000","","WHEAT","WHEAT, WINTER - PRODUCTION, MEASURED IN BU","TOTAL","NOT SPECIFIED","3,990,000",""
"SURVEY","2009","YEAR","","COUNTY","IDAHO","16","NORTH","10","LATAH","057","","","00000000","","WHEAT","WHEAT, WINTER - PRODUCTION, MEASURED IN BU","TOTAL","NOT SPECIFIED","5,635,000",""
"SURVEY","2009","YEAR","","COUNTY","IDAHO","16","NORTH","10","LEWIS","061","","","00000000","","WHEAT","WHEAT, WINTER - PRODUCTION, MEASURED IN BU","TOTAL","NOT SPECIFIED","4,298,000",""
"SURVEY","2009","YEAR","","COUNTY","IDAHO","16","NORTH","10","NEZ PERCE","069","","","00000000","","WHEAT","WHEAT, WINTER - PRODUCTION, MEASURED IN BU","TOTAL","NOT SPECIFIED","5,693,000",""
"SURVEY","2008","YEAR","","COUNTY","IDAHO","16","NORTH","10","BENEWAH","009","","","00000000","","WHEAT","WHEAT, WINTER - PRODUCTION, MEASURED IN BU","TOTAL","NOT SPECIFIED","2,180,100",""
"SURVEY","2008","YEAR","","COUNTY","IDAHO","16","NORTH","10","IDAHO","049","","","00000000","","WHEAT","WHEAT, WINTER - PRODUCTION, MEASURED IN BU","TOTAL","NOT SPECIFIED","3,073,200",""
"SURVEY","2008","YEAR","","COUNTY","IDAHO","16","NORTH","10","LATAH","057","","","00000000","","WHEAT","WHEAT, WINTER - PRODUCTION, MEASURED IN BU","TOTAL","NOT SPECIFIED","5,327,200",""
"SURVEY","2008","YEAR","","COUNTY","IDAHO","16","NORTH","10","LEWIS","061","","","00000000","","WHEAT","WHEAT, WINTER - PRODUCTION, MEASURED IN BU","TOTAL","NOT SPECIFIED","3,798,700",""
"SURVEY","2008","YEAR","","COUNTY","IDAHO","16","NORTH","10","NEZ PERCE","069","","","00000000","","WHEAT","WHEAT, WINTER - PRODUCTION, MEASURED IN BU","TOTAL","NOT SPECIFIED","4,917,200",""
"SURVEY","2007","YEAR","","COUNTY","IDAHO","16","NORTH","10","BENEWAH","009","","","00000000","","WHEAT","WHEAT, WINTER - PRODUCTION, MEASURED IN BU","TOTAL","NOT SPECIFIED","2,037,000",""
"SURVEY","2007","YEAR","","COUNTY","IDAHO","16","NORTH","10","CLEARWATER","035","","","00000000","","WHEAT","WHEAT, WINTER - PRODUCTION, MEASURED IN BU","TOTAL","NOT SPECIFIED","420,000",""
"SURVEY","2007","YEAR","","COUNTY","IDAHO","16","NORTH","10","IDAHO","049","","","00000000","","WHEAT","WHEAT, WINTER - PRODUCTION, MEASURED IN BU","TOTAL","NOT SPECIFIED","3,400,000",""
"SURVEY","2007","YEAR","","COUNTY","IDAHO","16","NORTH","10","KOOTENAI","055","","","00000000","","WHEAT","WHEAT, WINTER - PRODUCTION, MEASURED IN BU","TOTAL","NOT SPECIFIED","610,000",""
"SURVEY","2007","YEAR","","COUNTY","IDAHO","16","NORTH","10","LATAH","057","","","00000000","","WHEAT","WHEAT, WINTER - PRODUCTION, MEASURED IN BU","TOTAL","NOT SPECIFIED","5,200,000",""
"SURVEY","2007","YEAR","","COUNTY","IDAHO","16","NORTH","10","LEWIS","061","","","00000000","","WHEAT","WHEAT, WINTER - PRODUCTION, MEASURED IN BU","TOTAL","NOT SPECIFIED","3,908,000",""
"SURVEY","2007","YEAR","","COUNTY","IDAHO","16","NORTH","10","NEZ PERCE","069","","","00000000","","WHEAT","WHEAT, WINTER - PRODUCTION, MEASURED IN BU","TOTAL","NOT SPECIFIED","5,400,000",""
"SURVEY","2006","YEAR","","COUNTY","IDAHO","16","NORTH","10","BENEWAH","009","","","00000000","","WHEAT","WHEAT, WINTER - PRODUCTION, MEASURED IN BU","TOTAL","NOT SPECIFIED","1,930,000",""
"SURVEY","2006","YEAR","","COUNTY","IDAHO","16","NORTH","10","CLEARWATER","035","","","00000000","","WHEAT","WHEAT, WINTER - PRODUCTION, MEASURED IN BU","TOTAL","NOT SPECIFIED","430,000",""
"SURVEY","2006","YEAR","","COUNTY","IDAHO","16","NORTH","10","IDAHO","049","","","00000000","","WHEAT","WHEAT, WINTER - PRODUCTION, MEASURED IN BU","TOTAL","NOT SPECIFIED","3,540,000",""
"SURVEY","2006","YEAR","","COUNTY","IDAHO","16","NORTH","10","KOOTENAI","055","","","00000000","","WHEAT","WHEAT, WINTER - PRODUCTION, MEASURED IN BU","TOTAL","NOT SPECIFIED","400,000",""
"SURVEY","2006","YEAR","","COUNTY","IDAHO","16","NORTH","10","LATAH","057","","","00000000","","WHEAT","WHEAT, WINTER - PRODUCTION, MEASURED IN BU","TOTAL","NOT SPECIFIED","5,340,000",""
"SURVEY","2006","YEAR","","COUNTY","IDAHO","16","NORTH","10","LEWIS","061","","","00000000","","WHEAT","WHEAT, WINTER - PRODUCTION, MEASURED IN BU","TOTAL","NOT SPECIFIED","4,450,000",""
"SURVEY","2006","YEAR","","COUNTY","IDAHO","16","NORTH","10","NEZ PERCE","069","","","00000000","","WHEAT","WHEAT, WINTER - PRODUCTION, MEASURED IN BU","TOTAL","NOT SPECIFIED","5,390,000",""
"SURVEY","2005","YEAR","","COUNTY","IDAHO","16","NORTH","10","BENEWAH","009","","","00000000","","WHEAT","WHEAT, WINTER - PRODUCTION, MEASURED IN BU","TOTAL","NOT SPECIFIED","2,100,000",""
"SURVEY","2005","YEAR","","COUNTY","IDAHO","16","NORTH","10","CLEARWATER","035","","","00000000","","WHEAT","WHEAT, WINTER - PRODUCTION, MEASURED IN BU","TOTAL","NOT SPECIFIED","480,000",""
"SURVEY","2005","YEAR","","COUNTY","IDAHO","16","NORTH","10","IDAHO","049","","","00000000","","WHEAT","WHEAT, WINTER - PRODUCTION, MEASURED IN BU","TOTAL","NOT SPECIFIED","3,700,000",""
"SURVEY","2005","YEAR","","COUNTY","IDAHO","16","NORTH","10","KOOTENAI","055","","","00000000","","WHEAT","WHEAT, WINTER - PRODUCTION, MEASURED IN BU","TOTAL","NOT SPECIFIED","820,000",""
"SURVEY","2005","YEAR","","COUNTY","IDAHO","16","NORTH","10","LATAH","057","","","00000000","","WHEAT","WHEAT, WINTER - PRODUCTION, MEASURED IN BU","TOTAL","NOT SPECIFIED","6,400,000",""
"SURVEY","2005","YEAR","","COUNTY","IDAHO","16","NORTH","10","LEWIS","061","","","00000000","","WHEAT","WHEAT, WINTER - PRODUCTION, MEASURED IN BU","TOTAL","NOT SPECIFIED","5,000,000",""
"SURVEY","2005","YEAR","","COUNTY","IDAHO","16","NORTH","10","NEZ PERCE","069","","","00000000","","WHEAT","WHEAT, WINTER - PRODUCTION, MEASURED IN BU","TOTAL","NOT SPECIFIED","6,400,000",""
"SURVEY","2004","YEAR","","COUNTY","IDAHO","16","NORTH","10","BENEWAH","009","","","00000000","","WHEAT","WHEAT, WINTER - PRODUCTION, MEASURED IN BU","TOTAL","NOT SPECIFIED","1,830,000",""
"SURVEY","2004","YEAR","","COUNTY","IDAHO","16","NORTH","10","CLEARWATER","035","","","00000000","","WHEAT","WHEAT, WINTER - PRODUCTION, MEASURED IN BU","TOTAL","NOT SPECIFIED","427,000",""
"SURVEY","2004","YEAR","","COUNTY","IDAHO","16","NORTH","10","IDAHO","049","","","00000000","","WHEAT","WHEAT, WINTER - PRODUCTION, MEASURED IN BU","TOTAL","NOT SPECIFIED","3,730,000",""
"SURVEY","2004","YEAR","","COUNTY","IDAHO","16","NORTH","10","KOOTENAI","055","","","00000000","","WHEAT","WHEAT, WINTER - PRODUCTION, MEASURED IN BU","TOTAL","NOT SPECIFIED","703,000",""
"SURVEY","2004","YEAR","","COUNTY","IDAHO","16","NORTH","10","LATAH","057","","","00000000","","WHEAT","WHEAT, WINTER - PRODUCTION, MEASURED IN BU","TOTAL","NOT SPECIFIED","5,990,000",""
"SURVEY","2004","YEAR","","COUNTY","IDAHO","16","NORTH","10","LEWIS","061","","","00000000","","WHEAT","WHEAT, WINTER - PRODUCTION, MEASURED IN BU","TOTAL","NOT SPECIFIED","4,840,000",""
"SURVEY","2004","YEAR","","COUNTY","IDAHO","16","NORTH","10","NEZ PERCE","069","","","00000000","","WHEAT","WHEAT, WINTER - PRODUCTION, MEASURED IN BU","TOTAL","NOT SPECIFIED","6,180,000",""
"SURVEY","2003","YEAR","","COUNTY","IDAHO","16","NORTH","10","BENEWAH","009","","","00000000","","WHEAT","WHEAT, WINTER - PRODUCTION, MEASURED IN BU","TOTAL","NOT SPECIFIED","1,560,000",""
"SURVEY","2003","YEAR","","COUNTY","IDAHO","16","NORTH","10","CLEARWATER","035","","","00000000","","WHEAT","WHEAT, WINTER - PRODUCTION, MEASURED IN BU","TOTAL","NOT SPECIFIED","410,000",""
"SURVEY","2003","YEAR","","COUNTY","IDAHO","16","NORTH","10","IDAHO","049","","","00000000","","WHEAT","WHEAT, WINTER - PRODUCTION, MEASURED IN BU","TOTAL","NOT SPECIFIED","3,420,000",""
"SURVEY","2003","YEAR","","COUNTY","IDAHO","16","NORTH","10","KOOTENAI","055","","","00000000","","WHEAT","WHEAT, WINTER - PRODUCTION, MEASURED IN BU","TOTAL","NOT SPECIFIED","720,000",""
"SURVEY","2003","YEAR","","COUNTY","IDAHO","16","NORTH","10","LATAH","057","","","00000000","","WHEAT","WHEAT, WINTER - PRODUCTION, MEASURED IN BU","TOTAL","NOT SPECIFIED","5,530,000",""
"SURVEY","2003","YEAR","","COUNTY","IDAHO","16","NORTH","10","LEWIS","061","","","00000000","","WHEAT","WHEAT, WINTER - PRODUCTION, MEASURED IN BU","TOTAL","NOT SPECIFIED","3,980,000",""
"SURVEY","2003","YEAR","","COUNTY","IDAHO","16","NORTH","10","NEZ PERCE","069","","","00000000","","WHEAT","WHEAT, WINTER - PRODUCTION, MEASURED IN BU","TOTAL","NOT SPECIFIED","6,110,000",""
"SURVEY","2002","YEAR","","COUNTY","IDAHO","16","NORTH","10","BENEWAH","009","","","00000000","","WHEAT","WHEAT, WINTER - PRODUCTION, MEASURED IN BU","TOTAL","NOT SPECIFIED","1,290,000",""
"SURVEY","2002","YEAR","","COUNTY","IDAHO","16","NORTH","10","CLEARWATER","035","","","00000000","","WHEAT","WHEAT, WINTER - PRODUCTION, MEASURED IN BU","TOTAL","NOT SPECIFIED","384,000",""
"SURVEY","2002","YEAR","","COUNTY","IDAHO","16","NORTH","10","IDAHO","049","","","00000000","","WHEAT","WHEAT, WINTER - PRODUCTION, MEASURED IN BU","TOTAL","NOT SPECIFIED","3,490,000",""
"SURVEY","2002","YEAR","","COUNTY","IDAHO","16","NORTH","10","KOOTENAI","055","","","00000000","","WHEAT","WHEAT, WINTER - PRODUCTION, MEASURED IN BU","TOTAL","NOT SPECIFIED","406,000",""
"SURVEY","2002","YEAR","","COUNTY","IDAHO","16","NORTH","10","LATAH","057","","","00000000","","WHEAT","WHEAT, WINTER - PRODUCTION, MEASURED IN BU","TOTAL","NOT SPECIFIED","5,370,000",""
"SURVEY","2002","YEAR","","COUNTY","IDAHO","16","NORTH","10","LEWIS","061","","","00000000","","WHEAT","WHEAT, WINTER - PRODUCTION, MEASURED IN BU","TOTAL","NOT SPECIFIED","3,650,000",""
"SURVEY","2002","YEAR","","COUNTY","IDAHO","16","NORTH","10","NEZ PERCE","069","","","00000000","","WHEAT","WHEAT, WINTER - PRODUCTION, MEASURED IN BU","TOTAL","NOT SPECIFIED","5,210,000",""
"SURVEY","2001","YEAR","","COUNTY","IDAHO","16","NORTH","10","BENEWAH","009","","","00000000","","WHEAT","WHEAT, WINTER - PRODUCTION, MEASURED IN BU","TOTAL","NOT SPECIFIED","1,590,000",""
"SURVEY","2001","YEAR","","COUNTY","IDAHO","16","NORTH","10","CLEARWATER","035","","","00000000","","WHEAT","WHEAT, WINTER - PRODUCTION, MEASURED IN BU","TOTAL","NOT SPECIFIED","340,000",""
"SURVEY","2001","YEAR","","COUNTY","IDAHO","16","NORTH","10","IDAHO","049","","","00000000","","WHEAT","WHEAT, WINTER - PRODUCTION, MEASURED IN BU","TOTAL","NOT SPECIFIED","3,150,000",""
"SURVEY","2001","YEAR","","COUNTY","IDAHO","16","NORTH","10","KOOTENAI","055","","","00000000","","WHEAT","WHEAT, WINTER - PRODUCTION, MEASURED IN BU","TOTAL","NOT SPECIFIED","340,000",""
"SURVEY","2001","YEAR","","COUNTY","IDAHO","16","NORTH","10","LATAH","057","","","00000000","","WHEAT","WHEAT, WINTER - PRODUCTION, MEASURED IN BU","TOTAL","NOT SPECIFIED","5,890,000",""
"SURVEY","2001","YEAR","","COUNTY","IDAHO","16","NORTH","10","LEWIS","061","","","00000000","","WHEAT","WHEAT, WINTER - PRODUCTION, MEASURED IN BU","TOTAL","NOT SPECIFIED","3,640,000",""
"SURVEY","2001","YEAR","","COUNTY","IDAHO","16","NORTH","10","NEZ PERCE","069","","","00000000","","WHEAT","WHEAT, WINTER - PRODUCTION, MEASURED IN BU","TOTAL","NOT SPECIFIED","5,510,000",""
