"Program","Year","Period","Week Ending","Geo Level","State","State ANSI","Ag District","Ag District Code","County","County ANSI","Zip Code","Region","watershed_code","Watershed","Commodity","Data Item","Domain","Domain Category","Value","CV (%)"
"SURVEY","2015","YEAR","","COUNTY","OREGON","41","NORTH CENTRAL","20","GILLIAM","021","","","00000000","","WHEAT","WHEAT, WINTER - PRODUCTION, MEASURED IN BU","TOTAL","NOT SPECIFIED","2,670,000",""
"SURVEY","2015","YEAR","","COUNTY","OREGON","41","NORTH CENTRAL","20","MORROW","049","","","00000000","","WHEAT","WHEAT, WINTER - PRODUCTION, MEASURED IN BU","TOTAL","NOT SPECIFIED","3,000,000",""
"SURVEY","2015","YEAR","","COUNTY","OREGON","41","NORTH CENTRAL","20","SHERMAN","055","","","00000000","","WHEAT","WHEAT, WINTER - PRODUCTION, MEASURED IN BU","TOTAL","NOT SPECIFIED","4,795,000",""
"SURVEY","2015","YEAR","","COUNTY","OREGON","41","NORTH CENTRAL","20","WASCO","065","","","00000000","","WHEAT","WHEAT, WINTER - PRODUCTION, MEASURED IN BU","TOTAL","NOT SPECIFIED","2,965,000",""
"SURVEY","2015","YEAR","","COUNTY","OREGON","41","NORTHEAST","30","UMATILLA","059","","","00000000","","WHEAT","WHEAT, WINTER - PRODUCTION, MEASURED IN BU","TOTAL","NOT SPECIFIED","11,325,000",""
"SURVEY","2015","YEAR","","COUNTY","OREGON","41","NORTHEAST","30","UNION","061","","","00000000","","WHEAT","WHEAT, WINTER - PRODUCTION, MEASURED IN BU","TOTAL","NOT SPECIFIED","1,590,000",""
"SURVEY","2015","YEAR","","COUNTY","OREGON","41","NORTHEAST","30","WALLOWA","063","","","00000000","","WHEAT","WHEAT, WINTER - PRODUCTION, MEASURED IN BU","TOTAL","NOT SPECIFIED","250,000",""
"SURVEY","2014","YEAR","","COUNTY","OREGON","41","NORTH CENTRAL","20","GILLIAM","021","","","00000000","","WHEAT","WHEAT, WINTER - PRODUCTION, MEASURED IN BU","TOTAL","NOT SPECIFIED","2,575,000",""
"SURVEY","2014","YEAR","","COUNTY","OREGON","41","NORTH CENTRAL","20","MORROW","049","","","00000000","","WHEAT","WHEAT, WINTER - PRODUCTION, MEASURED IN BU","TOTAL","NOT SPECIFIED","3,640,000",""
"SURVEY","2014","YEAR","","COUNTY","OREGON","41","NORTH CENTRAL","20","SHERMAN","055","","","00000000","","WHEAT","WHEAT, WINTER - PRODUCTION, MEASURED IN BU","TOTAL","NOT SPECIFIED","5,465,000",""
"SURVEY","2014","YEAR","","COUNTY","OREGON","41","NORTH CENTRAL","20","WASCO","065","","","00000000","","WHEAT","WHEAT, WINTER - PRODUCTION, MEASURED IN BU","TOTAL","NOT SPECIFIED","3,020,000",""
"SURVEY","2014","YEAR","","COUNTY","OREGON","41","NORTHEAST","30","UMATILLA","059","","","00000000","","WHEAT","WHEAT, WINTER - PRODUCTION, MEASURED IN BU","TOTAL","NOT SPECIFIED","14,176,000",""
"SURVEY","2014","YEAR","","COUNTY","OREGON","41","NORTHEAST","30","UNION","061","","","00000000","","WHEAT","WHEAT, WINTER - PRODUCTION, MEASURED IN BU","TOTAL","NOT SPECIFIED","2,260,000",""
"SURVEY","2014","YEAR","","COUNTY","OREGON","41","NORTHEAST","30","WALLOWA","063","","","00000000","","WHEAT","WHEAT, WINTER - PRODUCTION, MEASURED IN BU","TOTAL","NOT SPECIFIED","234,000",""
"SURVEY","2013","YEAR","","COUNTY","OREGON","41","NORTH CENTRAL","20","GILLIAM","021","","","00000000","","WHEAT","WHEAT, WINTER - PRODUCTION, MEASURED IN BU","TOTAL","NOT SPECIFIED","3,110,000",""
"SURVEY","2013","YEAR","","COUNTY","OREGON","41","NORTH CENTRAL","20","MORROW","049","","","00000000","","WHEAT","WHEAT, WINTER - PRODUCTION, MEASURED IN BU","TOTAL","NOT SPECIFIED","4,250,000",""
"SURVEY","2013","YEAR","","COUNTY","OREGON","41","NORTH CENTRAL","20","SHERMAN","055","","","00000000","","WHEAT","WHEAT, WINTER - PRODUCTION, MEASURED IN BU","TOTAL","NOT SPECIFIED","5,200,000",""
"SURVEY","2013","YEAR","","COUNTY","OREGON","41","NORTH CENTRAL","20","WASCO","065","","","00000000","","WHEAT","WHEAT, WINTER - PRODUCTION, MEASURED IN BU","TOTAL","NOT SPECIFIED","3,270,000",""
"SURVEY","2013","YEAR","","COUNTY","OREGON","41","NORTHEAST","30","UMATILLA","059","","","00000000","","WHEAT","WHEAT, WINTER - PRODUCTION, MEASURED IN BU","TOTAL","NOT SPECIFIED","16,680,000",""
"SURVEY","2013","YEAR","","COUNTY","OREGON","41","NORTHEAST","30","UNION","061","","","00000000","","WHEAT","WHEAT, WINTER - PRODUCTION, MEASURED IN BU","TOTAL","NOT SPECIFIED","2,365,000",""
"SURVEY","2013","YEAR","","COUNTY","OREGON","41","NORTHEAST","30","WALLOWA","063","","","00000000","","WHEAT","WHEAT, WINTER - PRODUCTION, MEASURED IN BU","TOTAL","NOT SPECIFIED","270,000",""
"SURVEY","2012","YEAR","","COUNTY","OREGON","41","NORTH CENTRAL","20","GILLIAM","021","","","00000000","","WHEAT","WHEAT, WINTER - PRODUCTION, MEASURED IN BU","TOTAL","NOT SPECIFIED","3,800,000",""
"SURVEY","2012","YEAR","","COUNTY","OREGON","41","NORTH CENTRAL","20","MORROW","049","","","00000000","","WHEAT","WHEAT, WINTER - PRODUCTION, MEASURED IN BU","TOTAL","NOT SPECIFIED","5,400,000",""
"SURVEY","2012","YEAR","","COUNTY","OREGON","41","NORTH CENTRAL","20","SHERMAN","055","","","00000000","","WHEAT","WHEAT, WINTER - PRODUCTION, MEASURED IN BU","TOTAL","NOT SPECIFIED","5,300,000",""
"SURVEY","2012","YEAR","","COUNTY","OREGON","41","NORTH CENTRAL","20","WASCO","065","","","00000000","","WHEAT","WHEAT, WINTER - PRODUCTION, MEASURED IN BU","TOTAL","NOT SPECIFIED","3,500,000",""
"SURVEY","2012","YEAR","","COUNTY","OREGON","41","NORTHEAST","30","UMATILLA","059","","","00000000","","WHEAT","WHEAT, WINTER - PRODUCTION, MEASURED IN BU","TOTAL","NOT SPECIFIED","16,300,000",""
"SURVEY","2012","YEAR","","COUNTY","OREGON","41","NORTHEAST","30","UNION","061","","","00000000","","WHEAT","WHEAT, WINTER - PRODUCTION, MEASURED IN BU","TOTAL","NOT SPECIFIED","2,600,000",""
"SURVEY","2012","YEAR","","COUNTY","OREGON","41","NORTHEAST","30","WALLOWA","063","","","00000000","","WHEAT","WHEAT, WINTER - PRODUCTION, MEASURED IN BU","TOTAL","NOT SPECIFIED","390,000",""
"SURVEY","2011","YEAR","","COUNTY","OREGON","41","NORTH CENTRAL","20","GILLIAM","021","","","00000000","","WHEAT","WHEAT, WINTER - PRODUCTION, MEASURED IN BU","TOTAL","NOT SPECIFIED","5,668,000",""
"SURVEY","2011","YEAR","","COUNTY","OREGON","41","NORTH CENTRAL","20","MORROW","049","","","00000000","","WHEAT","WHEAT, WINTER - PRODUCTION, MEASURED IN BU","TOTAL","NOT SPECIFIED","8,055,000",""
"SURVEY","2011","YEAR","","COUNTY","OREGON","41","NORTH CENTRAL","20","SHERMAN","055","","","00000000","","WHEAT","WHEAT, WINTER - PRODUCTION, MEASURED IN BU","TOTAL","NOT SPECIFIED","6,651,000",""
"SURVEY","2011","YEAR","","COUNTY","OREGON","41","NORTH CENTRAL","20","WASCO","065","","","00000000","","WHEAT","WHEAT, WINTER - PRODUCTION, MEASURED IN BU","TOTAL","NOT SPECIFIED","3,785,000",""
"SURVEY","2011","YEAR","","COUNTY","OREGON","41","NORTHEAST","30","UMATILLA","059","","","00000000","","WHEAT","WHEAT, WINTER - PRODUCTION, MEASURED IN BU","TOTAL","NOT SPECIFIED","20,400,000",""
"SURVEY","2011","YEAR","","COUNTY","OREGON","41","NORTHEAST","30","UNION","061","","","00000000","","WHEAT","WHEAT, WINTER - PRODUCTION, MEASURED IN BU","TOTAL","NOT SPECIFIED","2,335,000",""
"SURVEY","2011","YEAR","","COUNTY","OREGON","41","NORTHEAST","30","WALLOWA","063","","","00000000","","WHEAT","WHEAT, WINTER - PRODUCTION, MEASURED IN BU","TOTAL","NOT SPECIFIED","374,000",""
"SURVEY","2010","YEAR","","COUNTY","OREGON","41","NORTH CENTRAL","20","GILLIAM","021","","","00000000","","WHEAT","WHEAT, WINTER - PRODUCTION, MEASURED IN BU","TOTAL","NOT SPECIFIED","3,622,000",""
"SURVEY","2010","YEAR","","COUNTY","OREGON","41","NORTH CENTRAL","20","MORROW","049","","","00000000","","WHEAT","WHEAT, WINTER - PRODUCTION, MEASURED IN BU","TOTAL","NOT SPECIFIED","5,258,000",""
"SURVEY","2010","YEAR","","COUNTY","OREGON","41","NORTH CENTRAL","20","SHERMAN","055","","","00000000","","WHEAT","WHEAT, WINTER - PRODUCTION, MEASURED IN BU","TOTAL","NOT SPECIFIED","5,165,000",""
"SURVEY","2010","YEAR","","COUNTY","OREGON","41","NORTH CENTRAL","20","WASCO","065","","","00000000","","WHEAT","WHEAT, WINTER - PRODUCTION, MEASURED IN BU","TOTAL","NOT SPECIFIED","3,320,000",""
"SURVEY","2010","YEAR","","COUNTY","OREGON","41","NORTHEAST","30","UMATILLA","059","","","00000000","","WHEAT","WHEAT, WINTER - PRODUCTION, MEASURED IN BU","TOTAL","NOT SPECIFIED","16,826,000",""
"SURVEY","2010","YEAR","","COUNTY","OREGON","41","NORTHEAST","30","UNION","061","","","00000000","","WHEAT","WHEAT, WINTER - PRODUCTION, MEASURED IN BU","TOTAL","NOT SPECIFIED","2,447,000",""
"SURVEY","2010","YEAR","","COUNTY","OREGON","41","NORTHEAST","30","WALLOWA","063","","","00000000","","WHEAT","WHEAT, WINTER - PRODUCTION, MEASURED IN BU","TOTAL","NOT SPECIFIED","400,000",""
"SURVEY","2009","YEAR","","COUNTY","OREGON","41","NORTH CENTRAL","20","GILLIAM","021","","","00000000","","WHEAT","WHEAT, WINTER - PRODUCTION, MEASURED IN BU","TOTAL","NOT SPECIFIED","2,640,000",""
"SURVEY","2009","YEAR","","COUNTY","OREGON","41","NORTH CENTRAL","20","MORROW","049","","","00000000","","WHEAT","WHEAT, WINTER - PRODUCTION, MEASURED IN BU","TOTAL","NOT SPECIFIED","4,490,000",""
"SURVEY","2009","YEAR","","COUNTY","OREGON","41","NORTH CENTRAL","20","SHERMAN","055","","","00000000","","WHEAT","WHEAT, WINTER - PRODUCTION, MEASURED IN BU","TOTAL","NOT SPECIFIED","4,860,000",""
"SURVEY","2009","YEAR","","COUNTY","OREGON","41","NORTH CENTRAL","20","WASCO","065","","","00000000","","WHEAT","WHEAT, WINTER - PRODUCTION, MEASURED IN BU","TOTAL","NOT SPECIFIED","2,920,000",""
"SURVEY","2009","YEAR","","COUNTY","OREGON","41","NORTHEAST","30","UMATILLA","059","","","00000000","","WHEAT","WHEAT, WINTER - PRODUCTION, MEASURED IN BU","TOTAL","NOT SPECIFIED","15,650,000",""
"SURVEY","2009","YEAR","","COUNTY","OREGON","41","NORTHEAST","30","UNION","061","","","00000000","","WHEAT","WHEAT, WINTER - PRODUCTION, MEASURED IN BU","TOTAL","NOT SPECIFIED","2,150,000",""
"SURVEY","2009","YEAR","","COUNTY","OREGON","41","NORTHEAST","30","WALLOWA","063","","","00000000","","WHEAT","WHEAT, WINTER - PRODUCTION, MEASURED IN BU","TOTAL","NOT SPECIFIED","275,000",""
"SURVEY","2008","YEAR","","COUNTY","OREGON","41","NORTH CENTRAL","20","GILLIAM","021","","","00000000","","WHEAT","WHEAT, WINTER - PRODUCTION, MEASURED IN BU","TOTAL","NOT SPECIFIED","2,550,800",""
"SURVEY","2008","YEAR","","COUNTY","OREGON","41","NORTH CENTRAL","20","MORROW","049","","","00000000","","WHEAT","WHEAT, WINTER - PRODUCTION, MEASURED IN BU","TOTAL","NOT SPECIFIED","4,106,500",""
"SURVEY","2008","YEAR","","COUNTY","OREGON","41","NORTH CENTRAL","20","SHERMAN","055","","","00000000","","WHEAT","WHEAT, WINTER - PRODUCTION, MEASURED IN BU","TOTAL","NOT SPECIFIED","4,485,700",""
"SURVEY","2008","YEAR","","COUNTY","OREGON","41","NORTH CENTRAL","20","WASCO","065","","","00000000","","WHEAT","WHEAT, WINTER - PRODUCTION, MEASURED IN BU","TOTAL","NOT SPECIFIED","3,338,900",""
"SURVEY","2008","YEAR","","COUNTY","OREGON","41","NORTHEAST","30","UMATILLA","059","","","00000000","","WHEAT","WHEAT, WINTER - PRODUCTION, MEASURED IN BU","TOTAL","NOT SPECIFIED","15,174,100",""
"SURVEY","2008","YEAR","","COUNTY","OREGON","41","NORTHEAST","30","UNION","061","","","00000000","","WHEAT","WHEAT, WINTER - PRODUCTION, MEASURED IN BU","TOTAL","NOT SPECIFIED","2,383,100",""
"SURVEY","2008","YEAR","","COUNTY","OREGON","41","NORTHEAST","30","WALLOWA","063","","","00000000","","WHEAT","WHEAT, WINTER - PRODUCTION, MEASURED IN BU","TOTAL","NOT SPECIFIED","276,100",""
"SURVEY","2007","YEAR","","COUNTY","OREGON","41","NORTH CENTRAL","20","GILLIAM","021","","","00000000","","WHEAT","WHEAT, WINTER - PRODUCTION, MEASURED IN BU","TOTAL","NOT SPECIFIED","3,549,000",""
"SURVEY","2007","YEAR","","COUNTY","OREGON","41","NORTH CENTRAL","20","MORROW","049","","","00000000","","WHEAT","WHEAT, WINTER - PRODUCTION, MEASURED IN BU","TOTAL","NOT SPECIFIED","5,484,000",""
"SURVEY","2007","YEAR","","COUNTY","OREGON","41","NORTH CENTRAL","20","SHERMAN","055","","","00000000","","WHEAT","WHEAT, WINTER - PRODUCTION, MEASURED IN BU","TOTAL","NOT SPECIFIED","4,877,700",""
"SURVEY","2007","YEAR","","COUNTY","OREGON","41","NORTH CENTRAL","20","WASCO","065","","","00000000","","WHEAT","WHEAT, WINTER - PRODUCTION, MEASURED IN BU","TOTAL","NOT SPECIFIED","2,914,000",""
"SURVEY","2007","YEAR","","COUNTY","OREGON","41","NORTHEAST","30","UMATILLA","059","","","00000000","","WHEAT","WHEAT, WINTER - PRODUCTION, MEASURED IN BU","TOTAL","NOT SPECIFIED","13,826,000",""
"SURVEY","2007","YEAR","","COUNTY","OREGON","41","NORTHEAST","30","UNION","061","","","00000000","","WHEAT","WHEAT, WINTER - PRODUCTION, MEASURED IN BU","TOTAL","NOT SPECIFIED","1,669,000",""
"SURVEY","2007","YEAR","","COUNTY","OREGON","41","NORTHEAST","30","WALLOWA","063","","","00000000","","WHEAT","WHEAT, WINTER - PRODUCTION, MEASURED IN BU","TOTAL","NOT SPECIFIED","211,000",""
"SURVEY","2006","YEAR","","COUNTY","OREGON","41","NORTH CENTRAL","20","GILLIAM","021","","","00000000","","WHEAT","WHEAT, WINTER - PRODUCTION, MEASURED IN BU","TOTAL","NOT SPECIFIED","3,577,500",""
"SURVEY","2006","YEAR","","COUNTY","OREGON","41","NORTH CENTRAL","20","MORROW","049","","","00000000","","WHEAT","WHEAT, WINTER - PRODUCTION, MEASURED IN BU","TOTAL","NOT SPECIFIED","4,945,700",""
"SURVEY","2006","YEAR","","COUNTY","OREGON","41","NORTH CENTRAL","20","SHERMAN","055","","","00000000","","WHEAT","WHEAT, WINTER - PRODUCTION, MEASURED IN BU","TOTAL","NOT SPECIFIED","4,973,600",""
"SURVEY","2006","YEAR","","COUNTY","OREGON","41","NORTH CENTRAL","20","WASCO","065","","","00000000","","WHEAT","WHEAT, WINTER - PRODUCTION, MEASURED IN BU","TOTAL","NOT SPECIFIED","3,032,900",""
"SURVEY","2006","YEAR","","COUNTY","OREGON","41","NORTHEAST","30","UMATILLA","059","","","00000000","","WHEAT","WHEAT, WINTER - PRODUCTION, MEASURED IN BU","TOTAL","NOT SPECIFIED","14,383,000",""
"SURVEY","2006","YEAR","","COUNTY","OREGON","41","NORTHEAST","30","UNION","061","","","00000000","","WHEAT","WHEAT, WINTER - PRODUCTION, MEASURED IN BU","TOTAL","NOT SPECIFIED","1,735,400",""
"SURVEY","2006","YEAR","","COUNTY","OREGON","41","NORTHEAST","30","WALLOWA","063","","","00000000","","WHEAT","WHEAT, WINTER - PRODUCTION, MEASURED IN BU","TOTAL","NOT SPECIFIED","212,500",""
"SURVEY","2005","YEAR","","COUNTY","OREGON","41","NORTH CENTRAL","20","GILLIAM","021","","","00000000","","WHEAT","WHEAT, WINTER - PRODUCTION, MEASURED IN BU","TOTAL","NOT SPECIFIED","3,573,000",""
"SURVEY","2005","YEAR","","COUNTY","OREGON","41","NORTH CENTRAL","20","MORROW","049","","","00000000","","WHEAT","WHEAT, WINTER - PRODUCTION, MEASURED IN BU","TOTAL","NOT SPECIFIED","5,324,500",""
"SURVEY","2005","YEAR","","COUNTY","OREGON","41","NORTH CENTRAL","20","SHERMAN","055","","","00000000","","WHEAT","WHEAT, WINTER - PRODUCTION, MEASURED IN BU","TOTAL","NOT SPECIFIED","5,848,000",""
"SURVEY","2005","YEAR","","COUNTY","OREGON","41","NORTH CENTRAL","20","WASCO","065","","","00000000","","WHEAT","WHEAT, WINTER - PRODUCTION, MEASURED IN BU","TOTAL","NOT SPECIFIED","3,990,500",""
"SURVEY","2005","YEAR","","COUNTY","OREGON","41","NORTHEAST","30","UMATILLA","059","","","00000000","","WHEAT","WHEAT, WINTER - PRODUCTION, MEASURED IN BU","TOTAL","NOT SPECIFIED","16,766,300",""
"SURVEY","2005","YEAR","","COUNTY","OREGON","41","NORTHEAST","30","UNION","061","","","00000000","","WHEAT","WHEAT, WINTER - PRODUCTION, MEASURED IN BU","TOTAL","NOT SPECIFIED","2,648,000",""
"SURVEY","2005","YEAR","","COUNTY","OREGON","41","NORTHEAST","30","WALLOWA","063","","","00000000","","WHEAT","WHEAT, WINTER - PRODUCTION, MEASURED IN BU","TOTAL","NOT SPECIFIED","320,500",""
"SURVEY","2004","YEAR","","COUNTY","OREGON","41","NORTH CENTRAL","20","GILLIAM","021","","","00000000","","WHEAT","WHEAT, WINTER - PRODUCTION, MEASURED IN BU","TOTAL","NOT SPECIFIED","3,205,500",""
"SURVEY","2004","YEAR","","COUNTY","OREGON","41","NORTH CENTRAL","20","MORROW","049","","","00000000","","WHEAT","WHEAT, WINTER - PRODUCTION, MEASURED IN BU","TOTAL","NOT SPECIFIED","4,136,800",""
"SURVEY","2004","YEAR","","COUNTY","OREGON","41","NORTH CENTRAL","20","SHERMAN","055","","","00000000","","WHEAT","WHEAT, WINTER - PRODUCTION, MEASURED IN BU","TOTAL","NOT SPECIFIED","5,012,200",""
"SURVEY","2004","YEAR","","COUNTY","OREGON","41","NORTH CENTRAL","20","WASCO","065","","","00000000","","WHEAT","WHEAT, WINTER - PRODUCTION, MEASURED IN BU","TOTAL","NOT SPECIFIED","3,437,500",""
"SURVEY","2004","YEAR","","COUNTY","OREGON","41","NORTHEAST","30","UMATILLA","059","","","00000000","","WHEAT","WHEAT, WINTER - PRODUCTION, MEASURED IN BU","TOTAL","NOT SPECIFIED","18,306,000",""
"SURVEY","2004","YEAR","","COUNTY","OREGON","41","NORTHEAST","30","UNION","061","","","00000000","","WHEAT","WHEAT, WINTER - PRODUCTION, MEASURED IN BU","TOTAL","NOT SPECIFIED","2,360,000",""
"SURVEY","2004","YEAR","","COUNTY","OREGON","41","NORTHEAST","30","WALLOWA","063","","","00000000","","WHEAT","WHEAT, WINTER - PRODUCTION, MEASURED IN BU","TOTAL","NOT SPECIFIED","312,500",""
"SURVEY","2003","YEAR","","COUNTY","OREGON","41","NORTH CENTRAL","20","GILLIAM","021","","","00000000","","WHEAT","WHEAT, WINTER - PRODUCTION, MEASURED IN BU","TOTAL","NOT SPECIFIED","2,890,500",""
"SURVEY","2003","YEAR","","COUNTY","OREGON","41","NORTH CENTRAL","20","MORROW","049","","","00000000","","WHEAT","WHEAT, WINTER - PRODUCTION, MEASURED IN BU","TOTAL","NOT SPECIFIED","4,233,500",""
"SURVEY","2003","YEAR","","COUNTY","OREGON","41","NORTH CENTRAL","20","SHERMAN","055","","","00000000","","WHEAT","WHEAT, WINTER - PRODUCTION, MEASURED IN BU","TOTAL","NOT SPECIFIED","4,398,000",""
"SURVEY","2003","YEAR","","COUNTY","OREGON","41","NORTH CENTRAL","20","WASCO","065","","","00000000","","WHEAT","WHEAT, WINTER - PRODUCTION, MEASURED IN BU","TOTAL","NOT SPECIFIED","4,226,000",""
"SURVEY","2003","YEAR","","COUNTY","OREGON","41","NORTHEAST","30","UMATILLA","059","","","00000000","","WHEAT","WHEAT, WINTER - PRODUCTION, MEASURED IN BU","TOTAL","NOT SPECIFIED","14,645,000",""
"SURVEY","2003","YEAR","","COUNTY","OREGON","41","NORTHEAST","30","UNION","061","","","00000000","","WHEAT","WHEAT, WINTER - PRODUCTION, MEASURED IN BU","TOTAL","NOT SPECIFIED","2,762,000",""
"SURVEY","2003","YEAR","","COUNTY","OREGON","41","NORTHEAST","30","WALLOWA","063","","","00000000","","WHEAT","WHEAT, WINTER - PRODUCTION, MEASURED IN BU","TOTAL","NOT SPECIFIED","305,000",""
"SURVEY","2002","YEAR","","COUNTY","OREGON","41","NORTH CENTRAL","20","GILLIAM","021","","","00000000","","WHEAT","WHEAT, WINTER - PRODUCTION, MEASURED IN BU","TOTAL","NOT SPECIFIED","1,603,500",""
"SURVEY","2002","YEAR","","COUNTY","OREGON","41","NORTH CENTRAL","20","MORROW","049","","","00000000","","WHEAT","WHEAT, WINTER - PRODUCTION, MEASURED IN BU","TOTAL","NOT SPECIFIED","3,056,000",""
"SURVEY","2002","YEAR","","COUNTY","OREGON","41","NORTH CENTRAL","20","SHERMAN","055","","","00000000","","WHEAT","WHEAT, WINTER - PRODUCTION, MEASURED IN BU","TOTAL","NOT SPECIFIED","3,204,000",""
"SURVEY","2002","YEAR","","COUNTY","OREGON","41","NORTH CENTRAL","20","WASCO","065","","","00000000","","WHEAT","WHEAT, WINTER - PRODUCTION, MEASURED IN BU","TOTAL","NOT SPECIFIED","1,921,500",""
"SURVEY","2002","YEAR","","COUNTY","OREGON","41","NORTHEAST","30","UMATILLA","059","","","00000000","","WHEAT","WHEAT, WINTER - PRODUCTION, MEASURED IN BU","TOTAL","NOT SPECIFIED","10,321,600",""
"SURVEY","2002","YEAR","","COUNTY","OREGON","41","NORTHEAST","30","UNION","061","","","00000000","","WHEAT","WHEAT, WINTER - PRODUCTION, MEASURED IN BU","TOTAL","NOT SPECIFIED","1,586,000",""
"SURVEY","2002","YEAR","","COUNTY","OREGON","41","NORTHEAST","30","WALLOWA","063","","","00000000","","WHEAT","WHEAT, WINTER - PRODUCTION, MEASURED IN BU","TOTAL","NOT SPECIFIED","220,000",""
"SURVEY","2001","YEAR","","COUNTY","OREGON","41","NORTH CENTRAL","20","GILLIAM","021","","","00000000","","WHEAT","WHEAT, WINTER - PRODUCTION, MEASURED IN BU","TOTAL","NOT SPECIFIED","1,609,500",""
"SURVEY","2001","YEAR","","COUNTY","OREGON","41","NORTH CENTRAL","20","MORROW","049","","","00000000","","WHEAT","WHEAT, WINTER - PRODUCTION, MEASURED IN BU","TOTAL","NOT SPECIFIED","3,399,000",""
"SURVEY","2001","YEAR","","COUNTY","OREGON","41","NORTH CENTRAL","20","SHERMAN","055","","","00000000","","WHEAT","WHEAT, WINTER - PRODUCTION, MEASURED IN BU","TOTAL","NOT SPECIFIED","2,140,500",""
"SURVEY","2001","YEAR","","COUNTY","OREGON","41","NORTH CENTRAL","20","WASCO","065","","","00000000","","WHEAT","WHEAT, WINTER - PRODUCTION, MEASURED IN BU","TOTAL","NOT SPECIFIED","1,437,000",""
"SURVEY","2001","YEAR","","COUNTY","OREGON","41","NORTHEAST","30","UMATILLA","059","","","00000000","","WHEAT","WHEAT, WINTER - PRODUCTION, MEASURED IN BU","TOTAL","NOT SPECIFIED","11,022,000",""
"SURVEY","2001","YEAR","","COUNTY","OREGON","41","NORTHEAST","30","UNION","061","","","00000000","","WHEAT","WHEAT, WINTER - PRODUCTION, MEASURED IN BU","TOTAL","NOT SPECIFIED","1,984,000",""
"SURVEY","2001","YEAR","","COUNTY","OREGON","41","NORTHEAST","30","WALLOWA","063","","","00000000","","WHEAT","WHEAT, WINTER - PRODUCTION, MEASURED IN BU","TOTAL","NOT SPECIFIED","157,000",""
