"Program","Year","Period","Week Ending","Geo Level","State","State ANSI","Ag District","Ag District Code","County","County ANSI","Zip Code","Region","watershed_code","Watershed","Commodity","Data Item","Domain","Domain Category","Value","CV (%)"
"SURVEY","2015","YEAR","","COUNTY","WASHINGTON","53","EAST CENTRAL","50","ADAMS","001","","","00000000","","WHEAT","WHEAT, WINTER - PRODUCTION, MEASURED IN BU","TOTAL","NOT SPECIFIED","7,800,000",""
"SURVEY","2015","YEAR","","COUNTY","WASHINGTON","53","EAST CENTRAL","50","DOUGLAS","017","","","00000000","","WHEAT","WHEAT, WINTER - PRODUCTION, MEASURED IN BU","TOTAL","NOT SPECIFIED","5,600,000",""
"SURVEY","2015","YEAR","","COUNTY","WASHINGTON","53","EAST CENTRAL","50","FRANKLIN","021","","","00000000","","WHEAT","WHEAT, WINTER - PRODUCTION, MEASURED IN BU","TOTAL","NOT SPECIFIED","1,800,000",""
"SURVEY","2015","YEAR","","COUNTY","WASHINGTON","53","EAST CENTRAL","50","GRANT","025","","","00000000","","WHEAT","WHEAT, WINTER - PRODUCTION, MEASURED IN BU","TOTAL","NOT SPECIFIED","4,500,000",""
"SURVEY","2015","YEAR","","COUNTY","WASHINGTON","53","EAST CENTRAL","50","LINCOLN","043","","","00000000","","WHEAT","WHEAT, WINTER - PRODUCTION, MEASURED IN BU","TOTAL","NOT SPECIFIED","12,195,000",""
"SURVEY","2015","YEAR","","COUNTY","WASHINGTON","53","NORTHEAST","30","SPOKANE","063","","","00000000","","WHEAT","WHEAT, WINTER - PRODUCTION, MEASURED IN BU","TOTAL","NOT SPECIFIED","4,785,000",""
"SURVEY","2015","YEAR","","COUNTY","WASHINGTON","53","SOUTHEAST","90","COLUMBIA","013","","","00000000","","WHEAT","WHEAT, WINTER - PRODUCTION, MEASURED IN BU","TOTAL","NOT SPECIFIED","5,500,000",""
"SURVEY","2015","YEAR","","COUNTY","WASHINGTON","53","SOUTHEAST","90","WALLA WALLA","071","","","00000000","","WHEAT","WHEAT, WINTER - PRODUCTION, MEASURED IN BU","TOTAL","NOT SPECIFIED","11,750,000",""
"SURVEY","2015","YEAR","","COUNTY","WASHINGTON","53","SOUTHEAST","90","WHITMAN","075","","","00000000","","WHEAT","WHEAT, WINTER - PRODUCTION, MEASURED IN BU","TOTAL","NOT SPECIFIED","22,350,000",""
"SURVEY","2014","YEAR","","COUNTY","WASHINGTON","53","EAST CENTRAL","50","ADAMS","001","","","00000000","","WHEAT","WHEAT, WINTER - PRODUCTION, MEASURED IN BU","TOTAL","NOT SPECIFIED","8,450,000",""
"SURVEY","2014","YEAR","","COUNTY","WASHINGTON","53","EAST CENTRAL","50","DOUGLAS","017","","","00000000","","WHEAT","WHEAT, WINTER - PRODUCTION, MEASURED IN BU","TOTAL","NOT SPECIFIED","5,300,000",""
"SURVEY","2014","YEAR","","COUNTY","WASHINGTON","53","EAST CENTRAL","50","FRANKLIN","021","","","00000000","","WHEAT","WHEAT, WINTER - PRODUCTION, MEASURED IN BU","TOTAL","NOT SPECIFIED","1,650,000",""
"SURVEY","2014","YEAR","","COUNTY","WASHINGTON","53","EAST CENTRAL","50","GRANT","025","","","00000000","","WHEAT","WHEAT, WINTER - PRODUCTION, MEASURED IN BU","TOTAL","NOT SPECIFIED","4,800,000",""
"SURVEY","2014","YEAR","","COUNTY","WASHINGTON","53","EAST CENTRAL","50","LINCOLN","043","","","00000000","","WHEAT","WHEAT, WINTER - PRODUCTION, MEASURED IN BU","TOTAL","NOT SPECIFIED","11,800,000",""
"SURVEY","2014","YEAR","","COUNTY","WASHINGTON","53","NORTHEAST","30","SPOKANE","063","","","00000000","","WHEAT","WHEAT, WINTER - PRODUCTION, MEASURED IN BU","TOTAL","NOT SPECIFIED","5,295,000",""
"SURVEY","2014","YEAR","","COUNTY","WASHINGTON","53","SOUTHEAST","90","ASOTIN","003","","","00000000","","WHEAT","WHEAT, WINTER - PRODUCTION, MEASURED IN BU","TOTAL","NOT SPECIFIED","1,100,000",""
"SURVEY","2014","YEAR","","COUNTY","WASHINGTON","53","SOUTHEAST","90","COLUMBIA","013","","","00000000","","WHEAT","WHEAT, WINTER - PRODUCTION, MEASURED IN BU","TOTAL","NOT SPECIFIED","4,950,000",""
"SURVEY","2014","YEAR","","COUNTY","WASHINGTON","53","SOUTHEAST","90","GARFIELD","023","","","00000000","","WHEAT","WHEAT, WINTER - PRODUCTION, MEASURED IN BU","TOTAL","NOT SPECIFIED","4,000,000",""
"SURVEY","2014","YEAR","","COUNTY","WASHINGTON","53","SOUTHEAST","90","WALLA WALLA","071","","","00000000","","WHEAT","WHEAT, WINTER - PRODUCTION, MEASURED IN BU","TOTAL","NOT SPECIFIED","11,500,000",""
"SURVEY","2014","YEAR","","COUNTY","WASHINGTON","53","SOUTHEAST","90","WHITMAN","075","","","00000000","","WHEAT","WHEAT, WINTER - PRODUCTION, MEASURED IN BU","TOTAL","NOT SPECIFIED","22,245,000",""
"SURVEY","2013","YEAR","","COUNTY","WASHINGTON","53","CENTRAL","20","BENTON","005","","","00000000","","WHEAT","WHEAT, WINTER - PRODUCTION, MEASURED IN BU","TOTAL","NOT SPECIFIED","5,300,000",""
"SURVEY","2013","YEAR","","COUNTY","WASHINGTON","53","EAST CENTRAL","50","ADAMS","001","","","00000000","","WHEAT","WHEAT, WINTER - PRODUCTION, MEASURED IN BU","TOTAL","NOT SPECIFIED","14,150,000",""
"SURVEY","2013","YEAR","","COUNTY","WASHINGTON","53","EAST CENTRAL","50","DOUGLAS","017","","","00000000","","WHEAT","WHEAT, WINTER - PRODUCTION, MEASURED IN BU","TOTAL","NOT SPECIFIED","6,850,000",""
"SURVEY","2013","YEAR","","COUNTY","WASHINGTON","53","EAST CENTRAL","50","FRANKLIN","021","","","00000000","","WHEAT","WHEAT, WINTER - PRODUCTION, MEASURED IN BU","TOTAL","NOT SPECIFIED","3,650,000",""
"SURVEY","2013","YEAR","","COUNTY","WASHINGTON","53","EAST CENTRAL","50","GRANT","025","","","00000000","","WHEAT","WHEAT, WINTER - PRODUCTION, MEASURED IN BU","TOTAL","NOT SPECIFIED","8,350,000",""
"SURVEY","2013","YEAR","","COUNTY","WASHINGTON","53","EAST CENTRAL","50","LINCOLN","043","","","00000000","","WHEAT","WHEAT, WINTER - PRODUCTION, MEASURED IN BU","TOTAL","NOT SPECIFIED","17,350,000",""
"SURVEY","2013","YEAR","","COUNTY","WASHINGTON","53","SOUTHEAST","90","ASOTIN","003","","","00000000","","WHEAT","WHEAT, WINTER - PRODUCTION, MEASURED IN BU","TOTAL","NOT SPECIFIED","1,160,000",""
"SURVEY","2013","YEAR","","COUNTY","WASHINGTON","53","SOUTHEAST","90","COLUMBIA","013","","","00000000","","WHEAT","WHEAT, WINTER - PRODUCTION, MEASURED IN BU","TOTAL","NOT SPECIFIED","5,940,000",""
"SURVEY","2013","YEAR","","COUNTY","WASHINGTON","53","SOUTHEAST","90","GARFIELD","023","","","00000000","","WHEAT","WHEAT, WINTER - PRODUCTION, MEASURED IN BU","TOTAL","NOT SPECIFIED","3,400,000",""
"SURVEY","2013","YEAR","","COUNTY","WASHINGTON","53","SOUTHEAST","90","WALLA WALLA","071","","","00000000","","WHEAT","WHEAT, WINTER - PRODUCTION, MEASURED IN BU","TOTAL","NOT SPECIFIED","12,700,000",""
"SURVEY","2013","YEAR","","COUNTY","WASHINGTON","53","SOUTHEAST","90","WHITMAN","075","","","00000000","","WHEAT","WHEAT, WINTER - PRODUCTION, MEASURED IN BU","TOTAL","NOT SPECIFIED","26,600,000",""
"SURVEY","2012","YEAR","","COUNTY","WASHINGTON","53","CENTRAL","20","BENTON","005","","","00000000","","WHEAT","WHEAT, WINTER - PRODUCTION, MEASURED IN BU","TOTAL","NOT SPECIFIED","6,120,000",""
"SURVEY","2012","YEAR","","COUNTY","WASHINGTON","53","EAST CENTRAL","50","ADAMS","001","","","00000000","","WHEAT","WHEAT, WINTER - PRODUCTION, MEASURED IN BU","TOTAL","NOT SPECIFIED","17,600,000",""
"SURVEY","2012","YEAR","","COUNTY","WASHINGTON","53","EAST CENTRAL","50","DOUGLAS","017","","","00000000","","WHEAT","WHEAT, WINTER - PRODUCTION, MEASURED IN BU","TOTAL","NOT SPECIFIED","6,600,000",""
"SURVEY","2012","YEAR","","COUNTY","WASHINGTON","53","EAST CENTRAL","50","FRANKLIN","021","","","00000000","","WHEAT","WHEAT, WINTER - PRODUCTION, MEASURED IN BU","TOTAL","NOT SPECIFIED","2,850,000",""
"SURVEY","2012","YEAR","","COUNTY","WASHINGTON","53","EAST CENTRAL","50","GRANT","025","","","00000000","","WHEAT","WHEAT, WINTER - PRODUCTION, MEASURED IN BU","TOTAL","NOT SPECIFIED","7,400,000",""
"SURVEY","2012","YEAR","","COUNTY","WASHINGTON","53","EAST CENTRAL","50","LINCOLN","043","","","00000000","","WHEAT","WHEAT, WINTER - PRODUCTION, MEASURED IN BU","TOTAL","NOT SPECIFIED","15,900,000",""
"SURVEY","2012","YEAR","","COUNTY","WASHINGTON","53","NORTHEAST","30","SPOKANE","063","","","00000000","","WHEAT","WHEAT, WINTER - PRODUCTION, MEASURED IN BU","TOTAL","NOT SPECIFIED","6,385,000",""
"SURVEY","2012","YEAR","","COUNTY","WASHINGTON","53","SOUTHEAST","90","ASOTIN","003","","","00000000","","WHEAT","WHEAT, WINTER - PRODUCTION, MEASURED IN BU","TOTAL","NOT SPECIFIED","1,200,000",""
"SURVEY","2012","YEAR","","COUNTY","WASHINGTON","53","SOUTHEAST","90","COLUMBIA","013","","","00000000","","WHEAT","WHEAT, WINTER - PRODUCTION, MEASURED IN BU","TOTAL","NOT SPECIFIED","6,000,000",""
"SURVEY","2012","YEAR","","COUNTY","WASHINGTON","53","SOUTHEAST","90","GARFIELD","023","","","00000000","","WHEAT","WHEAT, WINTER - PRODUCTION, MEASURED IN BU","TOTAL","NOT SPECIFIED","3,900,000",""
"SURVEY","2012","YEAR","","COUNTY","WASHINGTON","53","SOUTHEAST","90","WALLA WALLA","071","","","00000000","","WHEAT","WHEAT, WINTER - PRODUCTION, MEASURED IN BU","TOTAL","NOT SPECIFIED","14,600,000",""
"SURVEY","2012","YEAR","","COUNTY","WASHINGTON","53","SOUTHEAST","90","WHITMAN","075","","","00000000","","WHEAT","WHEAT, WINTER - PRODUCTION, MEASURED IN BU","TOTAL","NOT SPECIFIED","25,150,000",""
"SURVEY","2011","YEAR","","COUNTY","WASHINGTON","53","CENTRAL","20","BENTON","005","","","00000000","","WHEAT","WHEAT, WINTER - PRODUCTION, MEASURED IN BU","TOTAL","NOT SPECIFIED","6,127,000",""
"SURVEY","2011","YEAR","","COUNTY","WASHINGTON","53","EAST CENTRAL","50","ADAMS","001","","","00000000","","WHEAT","WHEAT, WINTER - PRODUCTION, MEASURED IN BU","TOTAL","NOT SPECIFIED","17,200,000",""
"SURVEY","2011","YEAR","","COUNTY","WASHINGTON","53","EAST CENTRAL","50","DOUGLAS","017","","","00000000","","WHEAT","WHEAT, WINTER - PRODUCTION, MEASURED IN BU","TOTAL","NOT SPECIFIED","8,250,000",""
"SURVEY","2011","YEAR","","COUNTY","WASHINGTON","53","EAST CENTRAL","50","FRANKLIN","021","","","00000000","","WHEAT","WHEAT, WINTER - PRODUCTION, MEASURED IN BU","TOTAL","NOT SPECIFIED","4,050,000",""
"SURVEY","2011","YEAR","","COUNTY","WASHINGTON","53","EAST CENTRAL","50","GRANT","025","","","00000000","","WHEAT","WHEAT, WINTER - PRODUCTION, MEASURED IN BU","TOTAL","NOT SPECIFIED","8,000,000",""
"SURVEY","2011","YEAR","","COUNTY","WASHINGTON","53","EAST CENTRAL","50","LINCOLN","043","","","00000000","","WHEAT","WHEAT, WINTER - PRODUCTION, MEASURED IN BU","TOTAL","NOT SPECIFIED","17,900,000",""
"SURVEY","2011","YEAR","","COUNTY","WASHINGTON","53","NORTHEAST","30","SPOKANE","063","","","00000000","","WHEAT","WHEAT, WINTER - PRODUCTION, MEASURED IN BU","TOTAL","NOT SPECIFIED","6,174,000",""
"SURVEY","2011","YEAR","","COUNTY","WASHINGTON","53","SOUTHEAST","90","ASOTIN","003","","","00000000","","WHEAT","WHEAT, WINTER - PRODUCTION, MEASURED IN BU","TOTAL","NOT SPECIFIED","1,470,000",""
"SURVEY","2011","YEAR","","COUNTY","WASHINGTON","53","SOUTHEAST","90","COLUMBIA","013","","","00000000","","WHEAT","WHEAT, WINTER - PRODUCTION, MEASURED IN BU","TOTAL","NOT SPECIFIED","5,600,000",""
"SURVEY","2011","YEAR","","COUNTY","WASHINGTON","53","SOUTHEAST","90","GARFIELD","023","","","00000000","","WHEAT","WHEAT, WINTER - PRODUCTION, MEASURED IN BU","TOTAL","NOT SPECIFIED","4,800,000",""
"SURVEY","2011","YEAR","","COUNTY","WASHINGTON","53","SOUTHEAST","90","WALLA WALLA","071","","","00000000","","WHEAT","WHEAT, WINTER - PRODUCTION, MEASURED IN BU","TOTAL","NOT SPECIFIED","15,200,000",""
"SURVEY","2011","YEAR","","COUNTY","WASHINGTON","53","SOUTHEAST","90","WHITMAN","075","","","00000000","","WHEAT","WHEAT, WINTER - PRODUCTION, MEASURED IN BU","TOTAL","NOT SPECIFIED","29,400,000",""
"SURVEY","2010","YEAR","","COUNTY","WASHINGTON","53","CENTRAL","20","BENTON","005","","","00000000","","WHEAT","WHEAT, WINTER - PRODUCTION, MEASURED IN BU","TOTAL","NOT SPECIFIED","3,870,000",""
"SURVEY","2010","YEAR","","COUNTY","WASHINGTON","53","EAST CENTRAL","50","ADAMS","001","","","00000000","","WHEAT","WHEAT, WINTER - PRODUCTION, MEASURED IN BU","TOTAL","NOT SPECIFIED","15,700,000",""
"SURVEY","2010","YEAR","","COUNTY","WASHINGTON","53","EAST CENTRAL","50","DOUGLAS","017","","","00000000","","WHEAT","WHEAT, WINTER - PRODUCTION, MEASURED IN BU","TOTAL","NOT SPECIFIED","6,750,000",""
"SURVEY","2010","YEAR","","COUNTY","WASHINGTON","53","EAST CENTRAL","50","FRANKLIN","021","","","00000000","","WHEAT","WHEAT, WINTER - PRODUCTION, MEASURED IN BU","TOTAL","NOT SPECIFIED","3,950,000",""
"SURVEY","2010","YEAR","","COUNTY","WASHINGTON","53","EAST CENTRAL","50","GRANT","025","","","00000000","","WHEAT","WHEAT, WINTER - PRODUCTION, MEASURED IN BU","TOTAL","NOT SPECIFIED","8,350,000",""
"SURVEY","2010","YEAR","","COUNTY","WASHINGTON","53","EAST CENTRAL","50","LINCOLN","043","","","00000000","","WHEAT","WHEAT, WINTER - PRODUCTION, MEASURED IN BU","TOTAL","NOT SPECIFIED","16,871,000",""
"SURVEY","2010","YEAR","","COUNTY","WASHINGTON","53","NORTHEAST","30","SPOKANE","063","","","00000000","","WHEAT","WHEAT, WINTER - PRODUCTION, MEASURED IN BU","TOTAL","NOT SPECIFIED","7,750,000",""
"SURVEY","2010","YEAR","","COUNTY","WASHINGTON","53","SOUTHEAST","90","ASOTIN","003","","","00000000","","WHEAT","WHEAT, WINTER - PRODUCTION, MEASURED IN BU","TOTAL","NOT SPECIFIED","1,310,000",""
"SURVEY","2010","YEAR","","COUNTY","WASHINGTON","53","SOUTHEAST","90","COLUMBIA","013","","","00000000","","WHEAT","WHEAT, WINTER - PRODUCTION, MEASURED IN BU","TOTAL","NOT SPECIFIED","5,305,000",""
"SURVEY","2010","YEAR","","COUNTY","WASHINGTON","53","SOUTHEAST","90","GARFIELD","023","","","00000000","","WHEAT","WHEAT, WINTER - PRODUCTION, MEASURED IN BU","TOTAL","NOT SPECIFIED","4,200,000",""
"SURVEY","2010","YEAR","","COUNTY","WASHINGTON","53","SOUTHEAST","90","WALLA WALLA","071","","","00000000","","WHEAT","WHEAT, WINTER - PRODUCTION, MEASURED IN BU","TOTAL","NOT SPECIFIED","14,635,000",""
"SURVEY","2010","YEAR","","COUNTY","WASHINGTON","53","SOUTHEAST","90","WHITMAN","075","","","00000000","","WHEAT","WHEAT, WINTER - PRODUCTION, MEASURED IN BU","TOTAL","NOT SPECIFIED","26,600,000",""
"SURVEY","2009","YEAR","","COUNTY","WASHINGTON","53","CENTRAL","20","BENTON","005","","","00000000","","WHEAT","WHEAT, WINTER - PRODUCTION, MEASURED IN BU","TOTAL","NOT SPECIFIED","1,950,000",""
"SURVEY","2009","YEAR","","COUNTY","WASHINGTON","53","EAST CENTRAL","50","ADAMS","001","","","00000000","","WHEAT","WHEAT, WINTER - PRODUCTION, MEASURED IN BU","TOTAL","NOT SPECIFIED","7,350,000",""
"SURVEY","2009","YEAR","","COUNTY","WASHINGTON","53","EAST CENTRAL","50","DOUGLAS","017","","","00000000","","WHEAT","WHEAT, WINTER - PRODUCTION, MEASURED IN BU","TOTAL","NOT SPECIFIED","4,840,000",""
"SURVEY","2009","YEAR","","COUNTY","WASHINGTON","53","EAST CENTRAL","50","FRANKLIN","021","","","00000000","","WHEAT","WHEAT, WINTER - PRODUCTION, MEASURED IN BU","TOTAL","NOT SPECIFIED","4,740,000",""
"SURVEY","2009","YEAR","","COUNTY","WASHINGTON","53","EAST CENTRAL","50","GRANT","025","","","00000000","","WHEAT","WHEAT, WINTER - PRODUCTION, MEASURED IN BU","TOTAL","NOT SPECIFIED","9,750,000",""
"SURVEY","2009","YEAR","","COUNTY","WASHINGTON","53","EAST CENTRAL","50","LINCOLN","043","","","00000000","","WHEAT","WHEAT, WINTER - PRODUCTION, MEASURED IN BU","TOTAL","NOT SPECIFIED","13,100,000",""
"SURVEY","2009","YEAR","","COUNTY","WASHINGTON","53","NORTHEAST","30","SPOKANE","063","","","00000000","","WHEAT","WHEAT, WINTER - PRODUCTION, MEASURED IN BU","TOTAL","NOT SPECIFIED","6,329,000",""
"SURVEY","2009","YEAR","","COUNTY","WASHINGTON","53","SOUTHEAST","90","ASOTIN","003","","","00000000","","WHEAT","WHEAT, WINTER - PRODUCTION, MEASURED IN BU","TOTAL","NOT SPECIFIED","915,000",""
"SURVEY","2009","YEAR","","COUNTY","WASHINGTON","53","SOUTHEAST","90","COLUMBIA","013","","","00000000","","WHEAT","WHEAT, WINTER - PRODUCTION, MEASURED IN BU","TOTAL","NOT SPECIFIED","5,340,000",""
"SURVEY","2009","YEAR","","COUNTY","WASHINGTON","53","SOUTHEAST","90","GARFIELD","023","","","00000000","","WHEAT","WHEAT, WINTER - PRODUCTION, MEASURED IN BU","TOTAL","NOT SPECIFIED","4,030,000",""
"SURVEY","2009","YEAR","","COUNTY","WASHINGTON","53","SOUTHEAST","90","WALLA WALLA","071","","","00000000","","WHEAT","WHEAT, WINTER - PRODUCTION, MEASURED IN BU","TOTAL","NOT SPECIFIED","13,540,000",""
"SURVEY","2009","YEAR","","COUNTY","WASHINGTON","53","SOUTHEAST","90","WHITMAN","075","","","00000000","","WHEAT","WHEAT, WINTER - PRODUCTION, MEASURED IN BU","TOTAL","NOT SPECIFIED","22,255,000",""
"SURVEY","2008","YEAR","","COUNTY","WASHINGTON","53","EAST CENTRAL","50","ADAMS","001","","","00000000","","WHEAT","WHEAT, WINTER - PRODUCTION, MEASURED IN BU","TOTAL","NOT SPECIFIED","11,218,400",""
"SURVEY","2008","YEAR","","COUNTY","WASHINGTON","53","EAST CENTRAL","50","DOUGLAS","017","","","00000000","","WHEAT","WHEAT, WINTER - PRODUCTION, MEASURED IN BU","TOTAL","NOT SPECIFIED","6,457,400",""
"SURVEY","2008","YEAR","","COUNTY","WASHINGTON","53","EAST CENTRAL","50","FRANKLIN","021","","","00000000","","WHEAT","WHEAT, WINTER - PRODUCTION, MEASURED IN BU","TOTAL","NOT SPECIFIED","3,400,000",""
"SURVEY","2008","YEAR","","COUNTY","WASHINGTON","53","EAST CENTRAL","50","GRANT","025","","","00000000","","WHEAT","WHEAT, WINTER - PRODUCTION, MEASURED IN BU","TOTAL","NOT SPECIFIED","6,897,000",""
"SURVEY","2008","YEAR","","COUNTY","WASHINGTON","53","SOUTHEAST","90","ASOTIN","003","","","00000000","","WHEAT","WHEAT, WINTER - PRODUCTION, MEASURED IN BU","TOTAL","NOT SPECIFIED","580,000",""
"SURVEY","2008","YEAR","","COUNTY","WASHINGTON","53","SOUTHEAST","90","COLUMBIA","013","","","00000000","","WHEAT","WHEAT, WINTER - PRODUCTION, MEASURED IN BU","TOTAL","NOT SPECIFIED","5,042,400",""
"SURVEY","2008","YEAR","","COUNTY","WASHINGTON","53","SOUTHEAST","90","GARFIELD","023","","","00000000","","WHEAT","WHEAT, WINTER - PRODUCTION, MEASURED IN BU","TOTAL","NOT SPECIFIED","3,200,000",""
"SURVEY","2008","YEAR","","COUNTY","WASHINGTON","53","SOUTHEAST","90","WALLA WALLA","071","","","00000000","","WHEAT","WHEAT, WINTER - PRODUCTION, MEASURED IN BU","TOTAL","NOT SPECIFIED","13,275,500",""
"SURVEY","2008","YEAR","","COUNTY","WASHINGTON","53","SOUTHEAST","90","WHITMAN","075","","","00000000","","WHEAT","WHEAT, WINTER - PRODUCTION, MEASURED IN BU","TOTAL","NOT SPECIFIED","24,080,300",""
"SURVEY","2007","YEAR","","COUNTY","WASHINGTON","53","CENTRAL","20","BENTON","005","","","00000000","","WHEAT","WHEAT, WINTER - PRODUCTION, MEASURED IN BU","TOTAL","NOT SPECIFIED","4,200,000",""
"SURVEY","2007","YEAR","","COUNTY","WASHINGTON","53","EAST CENTRAL","50","ADAMS","001","","","00000000","","WHEAT","WHEAT, WINTER - PRODUCTION, MEASURED IN BU","TOTAL","NOT SPECIFIED","12,500,000",""
"SURVEY","2007","YEAR","","COUNTY","WASHINGTON","53","EAST CENTRAL","50","DOUGLAS","017","","","00000000","","WHEAT","WHEAT, WINTER - PRODUCTION, MEASURED IN BU","TOTAL","NOT SPECIFIED","7,100,000",""
"SURVEY","2007","YEAR","","COUNTY","WASHINGTON","53","EAST CENTRAL","50","FRANKLIN","021","","","00000000","","WHEAT","WHEAT, WINTER - PRODUCTION, MEASURED IN BU","TOTAL","NOT SPECIFIED","3,800,000",""
"SURVEY","2007","YEAR","","COUNTY","WASHINGTON","53","EAST CENTRAL","50","GRANT","025","","","00000000","","WHEAT","WHEAT, WINTER - PRODUCTION, MEASURED IN BU","TOTAL","NOT SPECIFIED","7,900,000",""
"SURVEY","2007","YEAR","","COUNTY","WASHINGTON","53","EAST CENTRAL","50","LINCOLN","043","","","00000000","","WHEAT","WHEAT, WINTER - PRODUCTION, MEASURED IN BU","TOTAL","NOT SPECIFIED","15,600,000",""
"SURVEY","2007","YEAR","","COUNTY","WASHINGTON","53","NORTHEAST","30","SPOKANE","063","","","00000000","","WHEAT","WHEAT, WINTER - PRODUCTION, MEASURED IN BU","TOTAL","NOT SPECIFIED","6,200,000",""
"SURVEY","2007","YEAR","","COUNTY","WASHINGTON","53","SOUTHEAST","90","ASOTIN","003","","","00000000","","WHEAT","WHEAT, WINTER - PRODUCTION, MEASURED IN BU","TOTAL","NOT SPECIFIED","900,000",""
"SURVEY","2007","YEAR","","COUNTY","WASHINGTON","53","SOUTHEAST","90","COLUMBIA","013","","","00000000","","WHEAT","WHEAT, WINTER - PRODUCTION, MEASURED IN BU","TOTAL","NOT SPECIFIED","4,700,000",""
"SURVEY","2007","YEAR","","COUNTY","WASHINGTON","53","SOUTHEAST","90","GARFIELD","023","","","00000000","","WHEAT","WHEAT, WINTER - PRODUCTION, MEASURED IN BU","TOTAL","NOT SPECIFIED","3,000,000",""
"SURVEY","2007","YEAR","","COUNTY","WASHINGTON","53","SOUTHEAST","90","WALLA WALLA","071","","","00000000","","WHEAT","WHEAT, WINTER - PRODUCTION, MEASURED IN BU","TOTAL","NOT SPECIFIED","12,500,000",""
"SURVEY","2007","YEAR","","COUNTY","WASHINGTON","53","SOUTHEAST","90","WHITMAN","075","","","00000000","","WHEAT","WHEAT, WINTER - PRODUCTION, MEASURED IN BU","TOTAL","NOT SPECIFIED","23,485,000",""
"SURVEY","2006","YEAR","","COUNTY","WASHINGTON","53","CENTRAL","20","BENTON","005","","","00000000","","WHEAT","WHEAT, WINTER - PRODUCTION, MEASURED IN BU","TOTAL","NOT SPECIFIED","3,872,900",""
"SURVEY","2006","YEAR","","COUNTY","WASHINGTON","53","EAST CENTRAL","50","ADAMS","001","","","00000000","","WHEAT","WHEAT, WINTER - PRODUCTION, MEASURED IN BU","TOTAL","NOT SPECIFIED","13,600,000",""
"SURVEY","2006","YEAR","","COUNTY","WASHINGTON","53","EAST CENTRAL","50","DOUGLAS","017","","","00000000","","WHEAT","WHEAT, WINTER - PRODUCTION, MEASURED IN BU","TOTAL","NOT SPECIFIED","7,400,000",""
"SURVEY","2006","YEAR","","COUNTY","WASHINGTON","53","EAST CENTRAL","50","FRANKLIN","021","","","00000000","","WHEAT","WHEAT, WINTER - PRODUCTION, MEASURED IN BU","TOTAL","NOT SPECIFIED","3,900,000",""
"SURVEY","2006","YEAR","","COUNTY","WASHINGTON","53","EAST CENTRAL","50","GRANT","025","","","00000000","","WHEAT","WHEAT, WINTER - PRODUCTION, MEASURED IN BU","TOTAL","NOT SPECIFIED","8,600,000",""
"SURVEY","2006","YEAR","","COUNTY","WASHINGTON","53","EAST CENTRAL","50","LINCOLN","043","","","00000000","","WHEAT","WHEAT, WINTER - PRODUCTION, MEASURED IN BU","TOTAL","NOT SPECIFIED","20,550,000",""
"SURVEY","2006","YEAR","","COUNTY","WASHINGTON","53","NORTHEAST","30","SPOKANE","063","","","00000000","","WHEAT","WHEAT, WINTER - PRODUCTION, MEASURED IN BU","TOTAL","NOT SPECIFIED","6,500,000",""
"SURVEY","2006","YEAR","","COUNTY","WASHINGTON","53","SOUTHEAST","90","ASOTIN","003","","","00000000","","WHEAT","WHEAT, WINTER - PRODUCTION, MEASURED IN BU","TOTAL","NOT SPECIFIED","950,000",""
"SURVEY","2006","YEAR","","COUNTY","WASHINGTON","53","SOUTHEAST","90","COLUMBIA","013","","","00000000","","WHEAT","WHEAT, WINTER - PRODUCTION, MEASURED IN BU","TOTAL","NOT SPECIFIED","5,500,000",""
"SURVEY","2006","YEAR","","COUNTY","WASHINGTON","53","SOUTHEAST","90","GARFIELD","023","","","00000000","","WHEAT","WHEAT, WINTER - PRODUCTION, MEASURED IN BU","TOTAL","NOT SPECIFIED","3,800,000",""
"SURVEY","2006","YEAR","","COUNTY","WASHINGTON","53","SOUTHEAST","90","WALLA WALLA","071","","","00000000","","WHEAT","WHEAT, WINTER - PRODUCTION, MEASURED IN BU","TOTAL","NOT SPECIFIED","13,900,000",""
"SURVEY","2006","YEAR","","COUNTY","WASHINGTON","53","SOUTHEAST","90","WHITMAN","075","","","00000000","","WHEAT","WHEAT, WINTER - PRODUCTION, MEASURED IN BU","TOTAL","NOT SPECIFIED","25,531,000",""
"SURVEY","2005","YEAR","","COUNTY","WASHINGTON","53","CENTRAL","20","BENTON","005","","","00000000","","WHEAT","WHEAT, WINTER - PRODUCTION, MEASURED IN BU","TOTAL","NOT SPECIFIED","2,815,200",""
"SURVEY","2005","YEAR","","COUNTY","WASHINGTON","53","EAST CENTRAL","50","ADAMS","001","","","00000000","","WHEAT","WHEAT, WINTER - PRODUCTION, MEASURED IN BU","TOTAL","NOT SPECIFIED","14,371,500",""
"SURVEY","2005","YEAR","","COUNTY","WASHINGTON","53","EAST CENTRAL","50","DOUGLAS","017","","","00000000","","WHEAT","WHEAT, WINTER - PRODUCTION, MEASURED IN BU","TOTAL","NOT SPECIFIED","8,999,200",""
"SURVEY","2005","YEAR","","COUNTY","WASHINGTON","53","EAST CENTRAL","50","FRANKLIN","021","","","00000000","","WHEAT","WHEAT, WINTER - PRODUCTION, MEASURED IN BU","TOTAL","NOT SPECIFIED","3,645,000",""
"SURVEY","2005","YEAR","","COUNTY","WASHINGTON","53","EAST CENTRAL","50","GRANT","025","","","00000000","","WHEAT","WHEAT, WINTER - PRODUCTION, MEASURED IN BU","TOTAL","NOT SPECIFIED","9,734,100",""
"SURVEY","2005","YEAR","","COUNTY","WASHINGTON","53","EAST CENTRAL","50","LINCOLN","043","","","00000000","","WHEAT","WHEAT, WINTER - PRODUCTION, MEASURED IN BU","TOTAL","NOT SPECIFIED","21,115,200",""
"SURVEY","2005","YEAR","","COUNTY","WASHINGTON","53","NORTHEAST","30","SPOKANE","063","","","00000000","","WHEAT","WHEAT, WINTER - PRODUCTION, MEASURED IN BU","TOTAL","NOT SPECIFIED","7,792,000",""
"SURVEY","2005","YEAR","","COUNTY","WASHINGTON","53","SOUTHEAST","90","ASOTIN","003","","","00000000","","WHEAT","WHEAT, WINTER - PRODUCTION, MEASURED IN BU","TOTAL","NOT SPECIFIED","1,199,000",""
"SURVEY","2005","YEAR","","COUNTY","WASHINGTON","53","SOUTHEAST","90","COLUMBIA","013","","","00000000","","WHEAT","WHEAT, WINTER - PRODUCTION, MEASURED IN BU","TOTAL","NOT SPECIFIED","4,455,500",""
"SURVEY","2005","YEAR","","COUNTY","WASHINGTON","53","SOUTHEAST","90","GARFIELD","023","","","00000000","","WHEAT","WHEAT, WINTER - PRODUCTION, MEASURED IN BU","TOTAL","NOT SPECIFIED","3,584,000",""
"SURVEY","2005","YEAR","","COUNTY","WASHINGTON","53","SOUTHEAST","90","WALLA WALLA","071","","","00000000","","WHEAT","WHEAT, WINTER - PRODUCTION, MEASURED IN BU","TOTAL","NOT SPECIFIED","12,495,000",""
"SURVEY","2005","YEAR","","COUNTY","WASHINGTON","53","SOUTHEAST","90","WHITMAN","075","","","00000000","","WHEAT","WHEAT, WINTER - PRODUCTION, MEASURED IN BU","TOTAL","NOT SPECIFIED","27,640,500",""
"SURVEY","2004","YEAR","","COUNTY","WASHINGTON","53","CENTRAL","20","BENTON","005","","","00000000","","WHEAT","WHEAT, WINTER - PRODUCTION, MEASURED IN BU","TOTAL","NOT SPECIFIED","4,181,000",""
"SURVEY","2004","YEAR","","COUNTY","WASHINGTON","53","EAST CENTRAL","50","ADAMS","001","","","00000000","","WHEAT","WHEAT, WINTER - PRODUCTION, MEASURED IN BU","TOTAL","NOT SPECIFIED","13,821,000",""
"SURVEY","2004","YEAR","","COUNTY","WASHINGTON","53","EAST CENTRAL","50","DOUGLAS","017","","","00000000","","WHEAT","WHEAT, WINTER - PRODUCTION, MEASURED IN BU","TOTAL","NOT SPECIFIED","7,268,000",""
"SURVEY","2004","YEAR","","COUNTY","WASHINGTON","53","EAST CENTRAL","50","FRANKLIN","021","","","00000000","","WHEAT","WHEAT, WINTER - PRODUCTION, MEASURED IN BU","TOTAL","NOT SPECIFIED","3,094,000",""
"SURVEY","2004","YEAR","","COUNTY","WASHINGTON","53","EAST CENTRAL","50","GRANT","025","","","00000000","","WHEAT","WHEAT, WINTER - PRODUCTION, MEASURED IN BU","TOTAL","NOT SPECIFIED","8,567,000",""
"SURVEY","2004","YEAR","","COUNTY","WASHINGTON","53","EAST CENTRAL","50","LINCOLN","043","","","00000000","","WHEAT","WHEAT, WINTER - PRODUCTION, MEASURED IN BU","TOTAL","NOT SPECIFIED","17,090,000",""
"SURVEY","2004","YEAR","","COUNTY","WASHINGTON","53","NORTHEAST","30","SPOKANE","063","","","00000000","","WHEAT","WHEAT, WINTER - PRODUCTION, MEASURED IN BU","TOTAL","NOT SPECIFIED","7,494,000",""
"SURVEY","2004","YEAR","","COUNTY","WASHINGTON","53","SOUTHEAST","90","ASOTIN","003","","","00000000","","WHEAT","WHEAT, WINTER - PRODUCTION, MEASURED IN BU","TOTAL","NOT SPECIFIED","1,049,000",""
"SURVEY","2004","YEAR","","COUNTY","WASHINGTON","53","SOUTHEAST","90","COLUMBIA","013","","","00000000","","WHEAT","WHEAT, WINTER - PRODUCTION, MEASURED IN BU","TOTAL","NOT SPECIFIED","5,530,000",""
"SURVEY","2004","YEAR","","COUNTY","WASHINGTON","53","SOUTHEAST","90","GARFIELD","023","","","00000000","","WHEAT","WHEAT, WINTER - PRODUCTION, MEASURED IN BU","TOTAL","NOT SPECIFIED","3,838,000",""
"SURVEY","2004","YEAR","","COUNTY","WASHINGTON","53","SOUTHEAST","90","WALLA WALLA","071","","","00000000","","WHEAT","WHEAT, WINTER - PRODUCTION, MEASURED IN BU","TOTAL","NOT SPECIFIED","13,748,000",""
"SURVEY","2004","YEAR","","COUNTY","WASHINGTON","53","SOUTHEAST","90","WHITMAN","075","","","00000000","","WHEAT","WHEAT, WINTER - PRODUCTION, MEASURED IN BU","TOTAL","NOT SPECIFIED","28,196,000",""
"SURVEY","2003","YEAR","","COUNTY","WASHINGTON","53","CENTRAL","20","BENTON","005","","","00000000","","WHEAT","WHEAT, WINTER - PRODUCTION, MEASURED IN BU","TOTAL","NOT SPECIFIED","3,780,000",""
"SURVEY","2003","YEAR","","COUNTY","WASHINGTON","53","EAST CENTRAL","50","ADAMS","001","","","00000000","","WHEAT","WHEAT, WINTER - PRODUCTION, MEASURED IN BU","TOTAL","NOT SPECIFIED","13,467,000",""
"SURVEY","2003","YEAR","","COUNTY","WASHINGTON","53","EAST CENTRAL","50","DOUGLAS","017","","","00000000","","WHEAT","WHEAT, WINTER - PRODUCTION, MEASURED IN BU","TOTAL","NOT SPECIFIED","6,798,000",""
"SURVEY","2003","YEAR","","COUNTY","WASHINGTON","53","EAST CENTRAL","50","FRANKLIN","021","","","00000000","","WHEAT","WHEAT, WINTER - PRODUCTION, MEASURED IN BU","TOTAL","NOT SPECIFIED","3,850,000",""
"SURVEY","2003","YEAR","","COUNTY","WASHINGTON","53","EAST CENTRAL","50","GRANT","025","","","00000000","","WHEAT","WHEAT, WINTER - PRODUCTION, MEASURED IN BU","TOTAL","NOT SPECIFIED","11,448,000",""
"SURVEY","2003","YEAR","","COUNTY","WASHINGTON","53","EAST CENTRAL","50","LINCOLN","043","","","00000000","","WHEAT","WHEAT, WINTER - PRODUCTION, MEASURED IN BU","TOTAL","NOT SPECIFIED","19,130,000",""
"SURVEY","2003","YEAR","","COUNTY","WASHINGTON","53","NORTHEAST","30","SPOKANE","063","","","00000000","","WHEAT","WHEAT, WINTER - PRODUCTION, MEASURED IN BU","TOTAL","NOT SPECIFIED","6,212,000",""
"SURVEY","2003","YEAR","","COUNTY","WASHINGTON","53","SOUTHEAST","90","ASOTIN","003","","","00000000","","WHEAT","WHEAT, WINTER - PRODUCTION, MEASURED IN BU","TOTAL","NOT SPECIFIED","785,000",""
"SURVEY","2003","YEAR","","COUNTY","WASHINGTON","53","SOUTHEAST","90","COLUMBIA","013","","","00000000","","WHEAT","WHEAT, WINTER - PRODUCTION, MEASURED IN BU","TOTAL","NOT SPECIFIED","4,530,000",""
"SURVEY","2003","YEAR","","COUNTY","WASHINGTON","53","SOUTHEAST","90","GARFIELD","023","","","00000000","","WHEAT","WHEAT, WINTER - PRODUCTION, MEASURED IN BU","TOTAL","NOT SPECIFIED","3,032,000",""
"SURVEY","2003","YEAR","","COUNTY","WASHINGTON","53","SOUTHEAST","90","WALLA WALLA","071","","","00000000","","WHEAT","WHEAT, WINTER - PRODUCTION, MEASURED IN BU","TOTAL","NOT SPECIFIED","12,503,000",""
"SURVEY","2003","YEAR","","COUNTY","WASHINGTON","53","SOUTHEAST","90","WHITMAN","075","","","00000000","","WHEAT","WHEAT, WINTER - PRODUCTION, MEASURED IN BU","TOTAL","NOT SPECIFIED","28,085,000",""
"SURVEY","2002","YEAR","","COUNTY","WASHINGTON","53","CENTRAL","20","BENTON","005","","","00000000","","WHEAT","WHEAT, WINTER - PRODUCTION, MEASURED IN BU","TOTAL","NOT SPECIFIED","4,400,000",""
"SURVEY","2002","YEAR","","COUNTY","WASHINGTON","53","EAST CENTRAL","50","ADAMS","001","","","00000000","","WHEAT","WHEAT, WINTER - PRODUCTION, MEASURED IN BU","TOTAL","NOT SPECIFIED","11,200,000",""
"SURVEY","2002","YEAR","","COUNTY","WASHINGTON","53","EAST CENTRAL","50","DOUGLAS","017","","","00000000","","WHEAT","WHEAT, WINTER - PRODUCTION, MEASURED IN BU","TOTAL","NOT SPECIFIED","6,500,000",""
"SURVEY","2002","YEAR","","COUNTY","WASHINGTON","53","EAST CENTRAL","50","FRANKLIN","021","","","00000000","","WHEAT","WHEAT, WINTER - PRODUCTION, MEASURED IN BU","TOTAL","NOT SPECIFIED","2,800,000",""
"SURVEY","2002","YEAR","","COUNTY","WASHINGTON","53","EAST CENTRAL","50","GRANT","025","","","00000000","","WHEAT","WHEAT, WINTER - PRODUCTION, MEASURED IN BU","TOTAL","NOT SPECIFIED","9,200,000",""
"SURVEY","2002","YEAR","","COUNTY","WASHINGTON","53","EAST CENTRAL","50","LINCOLN","043","","","00000000","","WHEAT","WHEAT, WINTER - PRODUCTION, MEASURED IN BU","TOTAL","NOT SPECIFIED","16,185,000",""
"SURVEY","2002","YEAR","","COUNTY","WASHINGTON","53","NORTHEAST","30","SPOKANE","063","","","00000000","","WHEAT","WHEAT, WINTER - PRODUCTION, MEASURED IN BU","TOTAL","NOT SPECIFIED","5,900,000",""
"SURVEY","2002","YEAR","","COUNTY","WASHINGTON","53","SOUTHEAST","90","ASOTIN","003","","","00000000","","WHEAT","WHEAT, WINTER - PRODUCTION, MEASURED IN BU","TOTAL","NOT SPECIFIED","715,000",""
"SURVEY","2002","YEAR","","COUNTY","WASHINGTON","53","SOUTHEAST","90","COLUMBIA","013","","","00000000","","WHEAT","WHEAT, WINTER - PRODUCTION, MEASURED IN BU","TOTAL","NOT SPECIFIED","4,700,000",""
"SURVEY","2002","YEAR","","COUNTY","WASHINGTON","53","SOUTHEAST","90","GARFIELD","023","","","00000000","","WHEAT","WHEAT, WINTER - PRODUCTION, MEASURED IN BU","TOTAL","NOT SPECIFIED","3,100,000",""
"SURVEY","2002","YEAR","","COUNTY","WASHINGTON","53","SOUTHEAST","90","WALLA WALLA","071","","","00000000","","WHEAT","WHEAT, WINTER - PRODUCTION, MEASURED IN BU","TOTAL","NOT SPECIFIED","11,300,000",""
"SURVEY","2002","YEAR","","COUNTY","WASHINGTON","53","SOUTHEAST","90","WHITMAN","075","","","00000000","","WHEAT","WHEAT, WINTER - PRODUCTION, MEASURED IN BU","TOTAL","NOT SPECIFIED","25,100,000",""
"SURVEY","2001","YEAR","","COUNTY","WASHINGTON","53","CENTRAL","20","BENTON","005","","","00000000","","WHEAT","WHEAT, WINTER - PRODUCTION, MEASURED IN BU","TOTAL","NOT SPECIFIED","2,922,000",""
"SURVEY","2001","YEAR","","COUNTY","WASHINGTON","53","EAST CENTRAL","50","ADAMS","001","","","00000000","","WHEAT","WHEAT, WINTER - PRODUCTION, MEASURED IN BU","TOTAL","NOT SPECIFIED","10,963,000",""
"SURVEY","2001","YEAR","","COUNTY","WASHINGTON","53","EAST CENTRAL","50","DOUGLAS","017","","","00000000","","WHEAT","WHEAT, WINTER - PRODUCTION, MEASURED IN BU","TOTAL","NOT SPECIFIED","6,522,000",""
"SURVEY","2001","YEAR","","COUNTY","WASHINGTON","53","EAST CENTRAL","50","FRANKLIN","021","","","00000000","","WHEAT","WHEAT, WINTER - PRODUCTION, MEASURED IN BU","TOTAL","NOT SPECIFIED","3,127,000",""
"SURVEY","2001","YEAR","","COUNTY","WASHINGTON","53","EAST CENTRAL","50","GRANT","025","","","00000000","","WHEAT","WHEAT, WINTER - PRODUCTION, MEASURED IN BU","TOTAL","NOT SPECIFIED","8,271,000",""
"SURVEY","2001","YEAR","","COUNTY","WASHINGTON","53","EAST CENTRAL","50","LINCOLN","043","","","00000000","","WHEAT","WHEAT, WINTER - PRODUCTION, MEASURED IN BU","TOTAL","NOT SPECIFIED","15,617,000",""
"SURVEY","2001","YEAR","","COUNTY","WASHINGTON","53","NORTHEAST","30","SPOKANE","063","","","00000000","","WHEAT","WHEAT, WINTER - PRODUCTION, MEASURED IN BU","TOTAL","NOT SPECIFIED","5,520,000",""
"SURVEY","2001","YEAR","","COUNTY","WASHINGTON","53","SOUTHEAST","90","ASOTIN","003","","","00000000","","WHEAT","WHEAT, WINTER - PRODUCTION, MEASURED IN BU","TOTAL","NOT SPECIFIED","869,000",""
"SURVEY","2001","YEAR","","COUNTY","WASHINGTON","53","SOUTHEAST","90","COLUMBIA","013","","","00000000","","WHEAT","WHEAT, WINTER - PRODUCTION, MEASURED IN BU","TOTAL","NOT SPECIFIED","5,079,000",""
"SURVEY","2001","YEAR","","COUNTY","WASHINGTON","53","SOUTHEAST","90","GARFIELD","023","","","00000000","","WHEAT","WHEAT, WINTER - PRODUCTION, MEASURED IN BU","TOTAL","NOT SPECIFIED","3,604,000",""
"SURVEY","2001","YEAR","","COUNTY","WASHINGTON","53","SOUTHEAST","90","WALLA WALLA","071","","","00000000","","WHEAT","WHEAT, WINTER - PRODUCTION, MEASURED IN BU","TOTAL","NOT SPECIFIED","14,391,000",""
"SURVEY","2001","YEAR","","COUNTY","WASHINGTON","53","SOUTHEAST","90","WHITMAN","075","","","00000000","","WHEAT","WHEAT, WINTER - PRODUCTION, MEASURED IN BU","TOTAL","NOT SPECIFIED","26,857,000",""
