<?xml version="1.0"?>
<!--<!DOCTYPE metadata SYSTEM "http://www.esri.com/metadata/esriprof80.dtd">-->
<metadata xml:lang="en"><Esri><CreaDate>20180604</CreaDate><CreaTime>16240500</CreaTime><SyncOnce>TRUE</SyncOnce><DataProperties><lineage><Process Name="Create Feature Class" ToolSource="C:\ESRI\ARCGIS\ArcToolbox\Toolboxes\Data Management Tools.tbx\CreateFeatureclass" Date="20061101" Time="202813">CreateFeatureclass C:\ESRI\AEJEE_XTRA\AEJEE23data\usa states # states_Layer SAME_AS_TEMPLATE SAME_AS_TEMPLATE "GEOGCS['GCS_North_American_1983',DATUM['D_North_American_1983',SPHEROID['GRS_1980',6378137.0,298.257222101]],PRIMEM['Greenwich',0.0],UNIT['Degree',0.0174532925199433]];-178.217598362366 18.921786345087 999999.999068677;0 100000;0 100000" # 0 0 0 C:\ESRI\AEJEE_XTRA\AEJEE23data\usa\states.shp</Process><Process Name="Append" ToolSource="C:\ESRI\ARCGIS\ArcToolbox\Toolboxes\Data Management Tools.tbx\Append" Date="20061101" Time="202813">Append states_Layer C:\ESRI\AEJEE_XTRA\AEJEE23data\usa\states.shp TEST C:\ESRI\AEJEE_XTRA\AEJEE23data\usa\states.shp</Process><Process Name="FeatureClassToFeatureClass_3" ToolSource="C:\ESRI\ARCGIS\ArcToolbox\Toolboxes\Conversion Tools.tbx\FeatureClassToFeatureClass" Date="20061101" Time="202814">FeatureClassToFeatureClass D:\usa\census\states.sdc\states C:\ESRI\AEJEE_XTRA\AEJEE23data\usa states # "STATE_NAME STATE_NAME VISIBLE;STATE_FIPS STATE_FIPS VISIBLE;SUB_REGION SUB_REGION VISIBLE;STATE_ABBR STATE_ABBR VISIBLE;POP2000 POP2000 VISIBLE;POP2005 POP2005 VISIBLE;POP00_SQMI POP00_SQMI VISIBLE;POP05_SQMI POP05_SQMI VISIBLE;WHITE WHITE VISIBLE;BLACK BLACK VISIBLE;AMERI_ES AMERI_ES VISIBLE;ASIAN ASIAN VISIBLE;HAWN_PI HAWN_PI VISIBLE;OTHER OTHER VISIBLE;MULT_RACE MULT_RACE VISIBLE;HISPANIC HISPANIC VISIBLE;MALES MALES VISIBLE;FEMALES FEMALES VISIBLE;AGE_UNDER5 AGE_UNDER5 VISIBLE;AGE_5_17 AGE_5_17 VISIBLE;AGE_18_21 AGE_18_21 VISIBLE;AGE_22_29 AGE_22_29 VISIBLE;AGE_30_39 AGE_30_39 VISIBLE;AGE_40_49 AGE_40_49 VISIBLE;AGE_50_64 AGE_50_64 VISIBLE;AGE_65_UP AGE_65_UP VISIBLE;MED_AGE MED_AGE VISIBLE;MED_AGE_M MED_AGE_M VISIBLE;MED_AGE_F MED_AGE_F VISIBLE;HOUSEHOLDS HOUSEHOLDS VISIBLE;AVE_HH_SZ AVE_HH_SZ VISIBLE;HSEHLD_1_M HSEHLD_1_M VISIBLE;HSEHLD_1_F HSEHLD_1_F VISIBLE;MARHH_CHD MARHH_CHD VISIBLE;MARHH_NO_C MARHH_NO_C VISIBLE;MHH_CHILD MHH_CHILD VISIBLE;FHH_CHILD FHH_CHILD VISIBLE;FAMILIES FAMILIES VISIBLE;AVE_FAM_SZ AVE_FAM_SZ VISIBLE;HSE_UNITS HSE_UNITS VISIBLE;VACANT VACANT VISIBLE;OWNER_OCC OWNER_OCC VISIBLE;RENTER_OCC RENTER_OCC VISIBLE;NO_FARMS97 NO_FARMS97 VISIBLE;AVG_SIZE97 AVG_SIZE97 VISIBLE;CROP_ACR97 CROP_ACR97 VISIBLE;AVG_SALE97 AVG_SALE97 VISIBLE;SQMI SQMI VISIBLE" SAME_AS_TEMPLATE SAME_AS_TEMPLATE # 0 C:\ESRI\AEJEE_XTRA\AEJEE23data\usa\states.shp</Process></lineage></DataProperties><ArcGISFormat>1.0</ArcGISFormat></Esri></metadata>
