"","year","damagecause","county","state","commodity","loss"
"1",2001,"Drought","Benewah","ID","WHEAT",4.20617799752
"2",2002,"Drought","Benewah","ID","WHEAT",3.718219264123
"3",2003,"Drought","Benewah","ID","WHEAT",4.73146305137351
"4",2004,"Drought","Benewah","ID","WHEAT",3.33725953975028
"5",2005,"Drought","Benewah","ID","WHEAT",3.57783634129274
"6",2006,"Drought","Benewah","ID","WHEAT",4.5098501195699
"7",2007,"Drought","Benewah","ID","WHEAT",4.68552677680185
"8",2008,"Drought","Benewah","ID","WHEAT",5.43575573093661
"9",2009,"Drought","Benewah","ID","WHEAT",5.5594176189918
"10",2010,"Drought","Benewah","ID","WHEAT",4.07018568637838
"11",2013,"Drought","Benewah","ID","WHEAT",4.78689190645965
"12",2014,"Drought","Benewah","ID","WHEAT",5.27186157897855
"13",2015,"Drought","Benewah","ID","WHEAT",6.15493249980278
