"","year","damagecause","county","state","commodity","cube_loss"
"1",2001,"Drought","Benewah","ID","WHEAT",25.2382554929446
"2",2002,"Drought","Benewah","ID","WHEAT",17.3542728529495
"3",2003,"Drought","Benewah","ID","WHEAT",68.8461939867036
"4",2004,"Drought","Benewah","ID","WHEAT",12.9544758756534
"5",2005,"Drought","Benewah","ID","WHEAT",15.5816022428799
"6",2006,"Drought","Benewah","ID","WHEAT",44.426709248987
"7",2007,"Drought","Benewah","ID","WHEAT",41.8062065770256
"8",2008,"Drought","Benewah","ID","WHEAT",118.377935422018
"9",2009,"Drought","Benewah","ID","WHEAT",131.225826911796
"10",2010,"Drought","Benewah","ID","WHEAT",34.8417471529252
"11",2013,"Drought","Benewah","ID","WHEAT",86.2478167962545
"12",2014,"Drought","Benewah","ID","WHEAT",120.134817526751
"13",2015,"Drought","Benewah","ID","WHEAT",247.723411913889
"14",1989,"Drought","Idaho","ID","WHEAT",28.2133944651801
"15",1991,"Drought","Idaho","ID","WHEAT",7.07404395510501
"16",1992,"Drought","Idaho","ID","WHEAT",177.733357245668
"17",1994,"Drought","Idaho","ID","WHEAT",62.7965772042265
"18",1996,"Drought","Idaho","ID","WHEAT",52.9736730653332
"19",1999,"Drought","Idaho","ID","WHEAT",94.8933488378839
"20",2000,"Drought","Idaho","ID","WHEAT",15.6567514344654
"21",2001,"Drought","Idaho","ID","WHEAT",12.8057916498749
"22",2002,"Drought","Idaho","ID","WHEAT",76.376317313279
"23",2003,"Drought","Idaho","ID","WHEAT",98.2741631569911
"24",2005,"Drought","Idaho","ID","WHEAT",65.0293349418219
"25",2006,"Drought","Idaho","ID","WHEAT",92.0049905216114
"26",2007,"Drought","Idaho","ID","WHEAT",157.028233378478
"27",2008,"Drought","Idaho","ID","WHEAT",273.214622513893
"28",2009,"Drought","Idaho","ID","WHEAT",136.034608956206
"29",2010,"Drought","Idaho","ID","WHEAT",70.6263192806238
"30",2012,"Drought","Idaho","ID","WHEAT",18.2263133302141
"31",2013,"Drought","Idaho","ID","WHEAT",171.20473795907
"32",2014,"Drought","Idaho","ID","WHEAT",142.127583303751
"33",2015,"Drought","Idaho","ID","WHEAT",394.093073323995
"34",2001,"Drought","Kootenai","ID","WHEAT",7.47696636970457
"35",2002,"Drought","Kootenai","ID","WHEAT",5.87519993283685
"36",2013,"Drought","Kootenai","ID","WHEAT",27.1156448020391
"37",2014,"Drought","Kootenai","ID","WHEAT",109.020741278023
"38",2015,"Drought","Kootenai","ID","WHEAT",163.824847115164
"39",2001,"Drought","Latah","ID","WHEAT",25.9871038399725
"40",2002,"Drought","Latah","ID","WHEAT",22.1833167409233
"41",2003,"Drought","Latah","ID","WHEAT",117.287405801848
"42",2005,"Drought","Latah","ID","WHEAT",43.2927780323626
"43",2006,"Drought","Latah","ID","WHEAT",40.3385027718848
"44",2007,"Drought","Latah","ID","WHEAT",100.926189708235
"45",2008,"Drought","Latah","ID","WHEAT",218.741359749981
"46",2009,"Drought","Latah","ID","WHEAT",231.635666700341
"47",2010,"Drought","Latah","ID","WHEAT",95.736796327083
"48",2012,"Drought","Latah","ID","WHEAT",89.4539955455237
"49",2013,"Drought","Latah","ID","WHEAT",167.713942657345
"50",2014,"Drought","Latah","ID","WHEAT",246.328140540126
"51",2015,"Drought","Latah","ID","WHEAT",366.168751246461
"52",1989,"Drought","Lewis","ID","WHEAT",4.80589553370533
"53",1991,"Drought","Lewis","ID","WHEAT",26.0088727114156
"54",1992,"Drought","Lewis","ID","WHEAT",103.216222823073
"55",1994,"Drought","Lewis","ID","WHEAT",96.7483116729421
"56",1996,"Drought","Lewis","ID","WHEAT",82.805554438159
"57",1997,"Drought","Lewis","ID","WHEAT",17.8694254545418
"58",1999,"Drought","Lewis","ID","WHEAT",120.598591407089
"59",2000,"Drought","Lewis","ID","WHEAT",112.405563026354
"60",2001,"Drought","Lewis","ID","WHEAT",48.6082786722033
"61",2002,"Drought","Lewis","ID","WHEAT",86.2509992076168
"62",2003,"Drought","Lewis","ID","WHEAT",152.887603426974
"63",2005,"Drought","Lewis","ID","WHEAT",101.10189334406
"64",2006,"Drought","Lewis","ID","WHEAT",99.4324472268959
"65",2007,"Drought","Lewis","ID","WHEAT",187.292717713241
"66",2008,"Drought","Lewis","ID","WHEAT",387.016772748743
"67",2009,"Drought","Lewis","ID","WHEAT",208.777750314974
"68",2010,"Drought","Lewis","ID","WHEAT",36.3664883082842
"69",2011,"Drought","Lewis","ID","WHEAT",24.0962569440928
"70",2012,"Drought","Lewis","ID","WHEAT",17.3258925985913
"71",2013,"Drought","Lewis","ID","WHEAT",101.755389206733
"72",2014,"Drought","Lewis","ID","WHEAT",177.501711669134
"73",2015,"Drought","Lewis","ID","WHEAT",321.659209685605
"74",1990,"Drought","Nez Perce","ID","WHEAT",11.7783381192474
"75",1991,"Drought","Nez Perce","ID","WHEAT",75.6244207807115
"76",1992,"Drought","Nez Perce","ID","WHEAT",230.797633983452
"77",1994,"Drought","Nez Perce","ID","WHEAT",139.72289221574
"78",1996,"Drought","Nez Perce","ID","WHEAT",64.0307597894947
"79",1997,"Drought","Nez Perce","ID","WHEAT",17.275778861496
"80",1999,"Drought","Nez Perce","ID","WHEAT",26.539182534889
"81",2000,"Drought","Nez Perce","ID","WHEAT",30.4566640761162
"82",2001,"Drought","Nez Perce","ID","WHEAT",176.656626991375
"83",2002,"Drought","Nez Perce","ID","WHEAT",127.315496289393
"84",2003,"Drought","Nez Perce","ID","WHEAT",106.133825082454
"85",2004,"Drought","Nez Perce","ID","WHEAT",15.1757114400561
"86",2005,"Drought","Nez Perce","ID","WHEAT",49.8684511253689
"87",2006,"Drought","Nez Perce","ID","WHEAT",86.3995923985724
"88",2007,"Drought","Nez Perce","ID","WHEAT",190.354968771523
"89",2008,"Drought","Nez Perce","ID","WHEAT",463.81900344985
"90",2009,"Drought","Nez Perce","ID","WHEAT",394.557763965917
"91",2011,"Drought","Nez Perce","ID","WHEAT",85.218126821842
"92",2012,"Drought","Nez Perce","ID","WHEAT",24.8116462621954
"93",2013,"Drought","Nez Perce","ID","WHEAT",246.164112798472
"94",2014,"Drought","Nez Perce","ID","WHEAT",217.33168475925
"95",2015,"Drought","Nez Perce","ID","WHEAT",231.724265530313
"96",1989,"Drought","Gilliam","OR","WHEAT",142.57448928904
"97",1990,"Drought","Gilliam","OR","WHEAT",287.029241507731
"98",1991,"Drought","Gilliam","OR","WHEAT",207.036443555043
"99",1992,"Drought","Gilliam","OR","WHEAT",248.680240960667
"100",1994,"Drought","Gilliam","OR","WHEAT",52.9074756127611
"101",1995,"Drought","Gilliam","OR","WHEAT",10.1153314194944
"102",1996,"Drought","Gilliam","OR","WHEAT",22.0213291767679
"103",1999,"Drought","Gilliam","OR","WHEAT",290.725027913131
"104",2000,"Drought","Gilliam","OR","WHEAT",343.077437277105
"105",2001,"Drought","Gilliam","OR","WHEAT",417.257705498921
"106",2002,"Drought","Gilliam","OR","WHEAT",415.077850629726
"107",2003,"Drought","Gilliam","OR","WHEAT",475.740376930911
"108",2004,"Drought","Gilliam","OR","WHEAT",154.811009752566
"109",2005,"Drought","Gilliam","OR","WHEAT",315.597650103306
"110",2006,"Drought","Gilliam","OR","WHEAT",68.8466476332705
"111",2007,"Drought","Gilliam","OR","WHEAT",132.84238352904
"112",2008,"Drought","Gilliam","OR","WHEAT",483.009254627207
"113",2009,"Drought","Gilliam","OR","WHEAT",504.324791568026
"114",2010,"Drought","Gilliam","OR","WHEAT",84.3244428671725
"115",2012,"Drought","Gilliam","OR","WHEAT",105.29272352245
"116",2013,"Drought","Gilliam","OR","WHEAT",390.435750639193
"117",2014,"Drought","Gilliam","OR","WHEAT",368.072948049879
"118",2015,"Drought","Gilliam","OR","WHEAT",372.158131631962
"119",1989,"Drought","Morrow","OR","WHEAT",128.56308606238
"120",1990,"Drought","Morrow","OR","WHEAT",258.014746184289
"121",1991,"Drought","Morrow","OR","WHEAT",319.428893561897
"122",1992,"Drought","Morrow","OR","WHEAT",253.030027652988
"123",1994,"Drought","Morrow","OR","WHEAT",30.6481194296927
"124",1999,"Drought","Morrow","OR","WHEAT",331.869382451244
"125",2000,"Drought","Morrow","OR","WHEAT",357.105423689783
"126",2001,"Drought","Morrow","OR","WHEAT",640.671323558521
"127",2002,"Drought","Morrow","OR","WHEAT",623.17885529574
"128",2003,"Drought","Morrow","OR","WHEAT",637.536448961993
"129",2004,"Drought","Morrow","OR","WHEAT",376.679437779737
"130",2005,"Drought","Morrow","OR","WHEAT",493.540746246417
"131",2006,"Drought","Morrow","OR","WHEAT",253.971317180333
"132",2007,"Drought","Morrow","OR","WHEAT",203.238192008439
"133",2008,"Drought","Morrow","OR","WHEAT",470.933466889851
"134",2009,"Drought","Morrow","OR","WHEAT",742.628500364128
"135",2010,"Drought","Morrow","OR","WHEAT",59.3130465375326
"136",2012,"Drought","Morrow","OR","WHEAT",147.724885889228
"137",2013,"Drought","Morrow","OR","WHEAT",463.516988628705
"138",2014,"Drought","Morrow","OR","WHEAT",465.788892695221
"139",2015,"Drought","Morrow","OR","WHEAT",508.130032706936
"140",1989,"Drought","Sherman","OR","WHEAT",51.6414631416548
"141",1990,"Drought","Sherman","OR","WHEAT",230.649634276318
"142",1991,"Drought","Sherman","OR","WHEAT",234.036945377136
"143",1992,"Drought","Sherman","OR","WHEAT",251.237961596665
"144",1994,"Drought","Sherman","OR","WHEAT",43.2436465966181
"145",1995,"Drought","Sherman","OR","WHEAT",50.3792452547086
"146",1996,"Drought","Sherman","OR","WHEAT",7.14656949881502
"147",1999,"Drought","Sherman","OR","WHEAT",200.108804270851
"148",2000,"Drought","Sherman","OR","WHEAT",197.90319126762
"149",2001,"Drought","Sherman","OR","WHEAT",368.233198993186
"150",2002,"Drought","Sherman","OR","WHEAT",455.761175150748
"151",2003,"Drought","Sherman","OR","WHEAT",306.894503148119
"152",2004,"Drought","Sherman","OR","WHEAT",136.201429603794
"153",2005,"Drought","Sherman","OR","WHEAT",310.465921294188
"154",2006,"Drought","Sherman","OR","WHEAT",8.04660299297347
"155",2007,"Drought","Sherman","OR","WHEAT",171.812041267698
"156",2008,"Drought","Sherman","OR","WHEAT",342.221282543676
"157",2009,"Drought","Sherman","OR","WHEAT",421.097584368836
"158",2012,"Drought","Sherman","OR","WHEAT",91.856850701127
"159",2013,"Drought","Sherman","OR","WHEAT",364.346384140541
"160",2014,"Drought","Sherman","OR","WHEAT",184.719677875612
"161",2015,"Drought","Sherman","OR","WHEAT",195.379794878361
"162",1989,"Drought","Umatilla","OR","WHEAT",109.591693374393
"163",1990,"Drought","Umatilla","OR","WHEAT",192.37244085162
"164",1991,"Drought","Umatilla","OR","WHEAT",246.90738380842
"165",1992,"Drought","Umatilla","OR","WHEAT",319.019718955203
"166",1994,"Drought","Umatilla","OR","WHEAT",131.012818468811
"167",1995,"Drought","Umatilla","OR","WHEAT",2.71441761659491
"168",1998,"Drought","Umatilla","OR","WHEAT",36.9902009912945
"169",1999,"Drought","Umatilla","OR","WHEAT",450.316060687709
"170",2000,"Drought","Umatilla","OR","WHEAT",335.509545843074
"171",2001,"Drought","Umatilla","OR","WHEAT",412.709631130939
"172",2002,"Drought","Umatilla","OR","WHEAT",690.545476720537
"173",2003,"Drought","Umatilla","OR","WHEAT",533.231253149312
"174",2004,"Drought","Umatilla","OR","WHEAT",385.755458281921
"175",2005,"Drought","Umatilla","OR","WHEAT",780.697584176206
"176",2006,"Drought","Umatilla","OR","WHEAT",250.224491984062
"177",2007,"Drought","Umatilla","OR","WHEAT",552.189707052784
"178",2008,"Drought","Umatilla","OR","WHEAT",563.954142047681
"179",2009,"Drought","Umatilla","OR","WHEAT",442.391718711457
"180",2010,"Drought","Umatilla","OR","WHEAT",145.445017829233
"181",2012,"Drought","Umatilla","OR","WHEAT",187.651081355774
"182",2013,"Drought","Umatilla","OR","WHEAT",453.387019907084
"183",2014,"Drought","Umatilla","OR","WHEAT",553.023756743087
"184",2015,"Drought","Umatilla","OR","WHEAT",472.55015282071
"185",2001,"Drought","Union","OR","WHEAT",90.6616108985277
"186",2002,"Drought","Union","OR","WHEAT",166.970019903046
"187",2003,"Drought","Union","OR","WHEAT",135.227323051946
"188",2004,"Drought","Union","OR","WHEAT",37.2653483570862
"189",2006,"Drought","Union","OR","WHEAT",20.1513517432677
"190",2007,"Drought","Union","OR","WHEAT",107.579124862146
"191",2008,"Drought","Union","OR","WHEAT",28.269909001131
"192",2009,"Drought","Union","OR","WHEAT",44.1052307738355
"193",2010,"Drought","Union","OR","WHEAT",15.1321654002799
"194",2012,"Drought","Union","OR","WHEAT",48.0083055324735
"195",2013,"Drought","Union","OR","WHEAT",40.8690007970737
"196",2014,"Drought","Union","OR","WHEAT",74.0905229171867
"197",2015,"Drought","Union","OR","WHEAT",86.9045342763212
"198",2001,"Drought","Wallowa","OR","WHEAT",41.5386636390844
"199",2002,"Drought","Wallowa","OR","WHEAT",78.3468505615185
"200",2003,"Drought","Wallowa","OR","WHEAT",65.6847219434003
"201",2004,"Drought","Wallowa","OR","WHEAT",55.2181787678832
"202",2005,"Drought","Wallowa","OR","WHEAT",65.3666032661292
"203",2007,"Drought","Wallowa","OR","WHEAT",111.349075328299
"204",2008,"Drought","Wallowa","OR","WHEAT",51.714659995169
"205",2013,"Drought","Wallowa","OR","WHEAT",38.3321144997193
"206",2014,"Drought","Wallowa","OR","WHEAT",153.084244178923
"207",2015,"Drought","Wallowa","OR","WHEAT",111.717841866948
"208",2001,"Drought","Wasco","OR","WHEAT",446.490448264937
"209",2002,"Drought","Wasco","OR","WHEAT",530.764695069451
"210",2003,"Drought","Wasco","OR","WHEAT",347.610319911122
"211",2004,"Drought","Wasco","OR","WHEAT",179.613144426058
"212",2005,"Drought","Wasco","OR","WHEAT",352.939125885287
"213",2006,"Drought","Wasco","OR","WHEAT",54.0553699187212
"214",2007,"Drought","Wasco","OR","WHEAT",194.635690968435
"215",2008,"Drought","Wasco","OR","WHEAT",265.045130596683
"216",2009,"Drought","Wasco","OR","WHEAT",208.561660778644
"217",2013,"Drought","Wasco","OR","WHEAT",313.655832671364
"218",2014,"Drought","Wasco","OR","WHEAT",167.463844096444
"219",2015,"Drought","Wasco","OR","WHEAT",198.164808231222
"220",1989,"Drought","Adams","WA","WHEAT",130.840892830393
"221",1990,"Drought","Adams","WA","WHEAT",182.944555041721
"222",1991,"Drought","Adams","WA","WHEAT",165.884646846681
"223",1992,"Drought","Adams","WA","WHEAT",257.676141731561
"224",1993,"Drought","Adams","WA","WHEAT",149.815566718453
"225",1994,"Drought","Adams","WA","WHEAT",104.933624574587
"226",1995,"Drought","Adams","WA","WHEAT",128.794490978988
"227",1996,"Drought","Adams","WA","WHEAT",19.1983769954824
"228",1998,"Drought","Adams","WA","WHEAT",39.2736598873021
"229",1999,"Drought","Adams","WA","WHEAT",216.187947568437
"230",2000,"Drought","Adams","WA","WHEAT",40.0105903720067
"231",2001,"Drought","Adams","WA","WHEAT",285.473841836047
"232",2002,"Drought","Adams","WA","WHEAT",342.199317260553
"233",2003,"Drought","Adams","WA","WHEAT",226.07617173511
"234",2004,"Drought","Adams","WA","WHEAT",266.121005882112
"235",2005,"Drought","Adams","WA","WHEAT",331.604942800548
"236",2006,"Drought","Adams","WA","WHEAT",115.488110618027
"237",2007,"Drought","Adams","WA","WHEAT",309.879549371376
"238",2008,"Drought","Adams","WA","WHEAT",726.57718849915
"239",2009,"Drought","Adams","WA","WHEAT",1087.68206138369
"240",2010,"Drought","Adams","WA","WHEAT",187.290749051822
"241",2012,"Drought","Adams","WA","WHEAT",113.398941151786
"242",2013,"Drought","Adams","WA","WHEAT",135.834760747186
"243",2014,"Drought","Adams","WA","WHEAT",538.608992811725
"244",2015,"Drought","Adams","WA","WHEAT",764.189003463542
"245",2001,"Drought","Asotin","WA","WHEAT",210.35224787089
"246",2002,"Drought","Asotin","WA","WHEAT",216.517834055417
"247",2003,"Drought","Asotin","WA","WHEAT",155.46746439941
"248",2004,"Drought","Asotin","WA","WHEAT",33.7664118700468
"249",2005,"Drought","Asotin","WA","WHEAT",85.9798857105438
"250",2006,"Drought","Asotin","WA","WHEAT",39.6987746502204
"251",2007,"Drought","Asotin","WA","WHEAT",196.529745969118
"252",2008,"Drought","Asotin","WA","WHEAT",226.513653617492
"253",2009,"Drought","Asotin","WA","WHEAT",113.477371549527
"254",2010,"Drought","Asotin","WA","WHEAT",95.1460020333872
"255",2011,"Drought","Asotin","WA","WHEAT",22.6285643987958
"256",2013,"Drought","Asotin","WA","WHEAT",136.874036053483
"257",2014,"Drought","Asotin","WA","WHEAT",72.1961908585595
"258",2015,"Drought","Asotin","WA","WHEAT",107.315150242774
"259",1989,"Drought","Benton","WA","WHEAT",116.200970107546
"260",1990,"Drought","Benton","WA","WHEAT",321.940347666561
"261",1991,"Drought","Benton","WA","WHEAT",385.699694719915
"262",1992,"Drought","Benton","WA","WHEAT",334.755877488483
"263",1993,"Drought","Benton","WA","WHEAT",85.9884933392108
"264",1994,"Drought","Benton","WA","WHEAT",19.7254140469523
"265",1995,"Drought","Benton","WA","WHEAT",14.2686224160576
"266",1997,"Drought","Benton","WA","WHEAT",13.1308288546923
"267",1999,"Drought","Benton","WA","WHEAT",278.747903553267
"268",2000,"Drought","Benton","WA","WHEAT",236.124084546242
"269",2001,"Drought","Benton","WA","WHEAT",403.87965871005
"270",2002,"Drought","Benton","WA","WHEAT",345.641059383444
"271",2003,"Drought","Benton","WA","WHEAT",268.235615154786
"272",2004,"Drought","Benton","WA","WHEAT",245.020463579949
"273",2005,"Drought","Benton","WA","WHEAT",173.047091779167
"274",2007,"Drought","Benton","WA","WHEAT",23.4656204696008
"275",2008,"Drought","Benton","WA","WHEAT",258.19277264375
"276",2009,"Drought","Benton","WA","WHEAT",331.663144793187
"277",2010,"Drought","Benton","WA","WHEAT",93.3131731704043
"278",2012,"Drought","Benton","WA","WHEAT",144.196182623406
"279",2013,"Drought","Benton","WA","WHEAT",244.05543899085
"280",2014,"Drought","Benton","WA","WHEAT",439.644212433947
"281",2015,"Drought","Benton","WA","WHEAT",559.090157816215
"282",1989,"Drought","Chelan","WA","WHEAT",24.5509145271514
"283",1990,"Drought","Chelan","WA","WHEAT",18.0123372211346
"284",1991,"Drought","Chelan","WA","WHEAT",17.4690609800385
"285",1992,"Drought","Chelan","WA","WHEAT",45.1504739253501
"286",1999,"Drought","Chelan","WA","WHEAT",16.8287301293236
"287",2001,"Drought","Columbia","WA","WHEAT",156.313885875844
"288",2002,"Drought","Columbia","WA","WHEAT",140.794237520483
"289",2003,"Drought","Columbia","WA","WHEAT",108.763635504054
"290",2005,"Drought","Columbia","WA","WHEAT",186.907613505159
"291",2006,"Drought","Columbia","WA","WHEAT",117.19185744566
"292",2007,"Drought","Columbia","WA","WHEAT",114.354521353608
"293",2008,"Drought","Columbia","WA","WHEAT",183.098476312813
"294",2009,"Drought","Columbia","WA","WHEAT",197.357741323879
"295",2010,"Drought","Columbia","WA","WHEAT",70.0000094864738
"296",2012,"Drought","Columbia","WA","WHEAT",53.3768208678118
"297",2013,"Drought","Columbia","WA","WHEAT",163.009572601515
"298",2014,"Drought","Columbia","WA","WHEAT",404.804038690517
"299",2015,"Drought","Columbia","WA","WHEAT",532.974849076787
"300",2001,"Drought","Douglas","WA","WHEAT",186.085849521922
"301",2002,"Drought","Douglas","WA","WHEAT",342.600491659809
"302",2003,"Drought","Douglas","WA","WHEAT",416.739223314025
"303",2004,"Drought","Douglas","WA","WHEAT",168.155400010342
"304",2005,"Drought","Douglas","WA","WHEAT",152.185570739163
"305",2006,"Drought","Douglas","WA","WHEAT",58.9706982515871
"306",2007,"Drought","Douglas","WA","WHEAT",138.846249136153
"307",2008,"Drought","Douglas","WA","WHEAT",455.625150597704
"308",2009,"Drought","Douglas","WA","WHEAT",965.049292095048
"309",2010,"Drought","Douglas","WA","WHEAT",356.419758299803
"310",2011,"Drought","Douglas","WA","WHEAT",28.6631658485572
"311",2012,"Drought","Douglas","WA","WHEAT",377.895211739798
"312",2013,"Drought","Douglas","WA","WHEAT",305.34238237265
"313",2014,"Drought","Douglas","WA","WHEAT",498.553507118834
"314",2015,"Drought","Douglas","WA","WHEAT",383.650743277132
"315",1989,"Drought","Franklin","WA","WHEAT",38.6305748566614
"316",1990,"Drought","Franklin","WA","WHEAT",13.1732239587627
"317",1991,"Drought","Franklin","WA","WHEAT",191.098386931793
"318",1992,"Drought","Franklin","WA","WHEAT",84.1614210320691
"319",1993,"Drought","Franklin","WA","WHEAT",18.612655664161
"320",1994,"Drought","Franklin","WA","WHEAT",115.822022796502
"321",1995,"Drought","Franklin","WA","WHEAT",47.6234698669787
"322",1997,"Drought","Franklin","WA","WHEAT",15.1336209760296
"323",1999,"Drought","Franklin","WA","WHEAT",253.099355863141
"324",2000,"Drought","Franklin","WA","WHEAT",191.979585800145
"325",2001,"Drought","Franklin","WA","WHEAT",198.240905014501
"326",2002,"Drought","Franklin","WA","WHEAT",161.092356163948
"327",2003,"Drought","Franklin","WA","WHEAT",119.804288466495
"328",2004,"Drought","Franklin","WA","WHEAT",111.512764971309
"329",2005,"Drought","Franklin","WA","WHEAT",77.0390945597872
"330",2006,"Drought","Franklin","WA","WHEAT",19.1063290520966
"331",2007,"Drought","Franklin","WA","WHEAT",95.7843378819892
"332",2008,"Drought","Franklin","WA","WHEAT",234.454376275983
"333",2009,"Drought","Franklin","WA","WHEAT",385.891138412001
"334",2010,"Drought","Franklin","WA","WHEAT",138.013865982317
"335",2011,"Drought","Franklin","WA","WHEAT",38.310929988435
"336",2012,"Drought","Franklin","WA","WHEAT",127.158440691268
"337",2013,"Drought","Franklin","WA","WHEAT",197.314506713823
"338",2014,"Drought","Franklin","WA","WHEAT",406.032233547004
"339",2015,"Drought","Franklin","WA","WHEAT",598.431337243305
"340",2001,"Drought","Garfield","WA","WHEAT",144.484268261888
"341",2002,"Drought","Garfield","WA","WHEAT",137.567334735108
"342",2003,"Drought","Garfield","WA","WHEAT",122.012311635202
"343",2005,"Drought","Garfield","WA","WHEAT",145.894817849742
"344",2006,"Drought","Garfield","WA","WHEAT",64.5597856562454
"345",2007,"Drought","Garfield","WA","WHEAT",148.303255863515
"346",2008,"Drought","Garfield","WA","WHEAT",170.875397607952
"347",2009,"Drought","Garfield","WA","WHEAT",205.224261109114
"348",2010,"Drought","Garfield","WA","WHEAT",43.2933890579323
"349",2012,"Drought","Garfield","WA","WHEAT",24.4732458191671
"350",2013,"Drought","Garfield","WA","WHEAT",31.8432676854647
"351",2014,"Drought","Garfield","WA","WHEAT",336.456933712395
"352",2015,"Drought","Garfield","WA","WHEAT",287.87664405239
"353",1989,"Drought","Grant","WA","WHEAT",169.088265179043
"354",1990,"Drought","Grant","WA","WHEAT",167.041799424632
"355",1991,"Drought","Grant","WA","WHEAT",241.51166322558
"356",1992,"Drought","Grant","WA","WHEAT",344.471079693372
"357",1993,"Drought","Grant","WA","WHEAT",28.0845762462704
"358",1994,"Drought","Grant","WA","WHEAT",37.1602488157518
"359",1995,"Drought","Grant","WA","WHEAT",81.438037584482
"360",1996,"Drought","Grant","WA","WHEAT",21.0509479142711
"361",1999,"Drought","Grant","WA","WHEAT",84.3466967658279
"362",2000,"Drought","Grant","WA","WHEAT",51.8580589772223
"363",2001,"Drought","Grant","WA","WHEAT",177.074200892441
"364",2002,"Drought","Grant","WA","WHEAT",191.701803906073
"365",2003,"Drought","Grant","WA","WHEAT",146.257153737612
"366",2004,"Drought","Grant","WA","WHEAT",204.748249887667
"367",2005,"Drought","Grant","WA","WHEAT",114.226296527338
"368",2006,"Drought","Grant","WA","WHEAT",37.7904194923399
"369",2007,"Drought","Grant","WA","WHEAT",124.155405825078
"370",2008,"Drought","Grant","WA","WHEAT",470.814453504086
"371",2009,"Drought","Grant","WA","WHEAT",863.465213870206
"372",2010,"Drought","Grant","WA","WHEAT",337.633470721459
"373",2011,"Drought","Grant","WA","WHEAT",35.4714443378782
"374",2012,"Drought","Grant","WA","WHEAT",288.487517576832
"375",2013,"Drought","Grant","WA","WHEAT",220.610810773126
"376",2014,"Drought","Grant","WA","WHEAT",461.864621560082
"377",2015,"Drought","Grant","WA","WHEAT",590.341642366472
"378",2001,"Drought","Klickitat","WA","WHEAT",182.289754741892
"379",2002,"Drought","Klickitat","WA","WHEAT",127.804257107236
"380",2003,"Drought","Klickitat","WA","WHEAT",135.684708780653
"381",2004,"Drought","Klickitat","WA","WHEAT",29.6769031431441
"382",2005,"Drought","Klickitat","WA","WHEAT",189.639885584857
"383",2006,"Drought","Klickitat","WA","WHEAT",12.1779050055478
"384",2007,"Drought","Klickitat","WA","WHEAT",84.1420890507758
"385",2008,"Drought","Klickitat","WA","WHEAT",95.7629041528469
"386",2009,"Drought","Klickitat","WA","WHEAT",181.440577585942
"387",2010,"Drought","Klickitat","WA","WHEAT",62.8136199780981
"388",2011,"Drought","Klickitat","WA","WHEAT",38.658435211063
"389",2012,"Drought","Klickitat","WA","WHEAT",93.6672568695822
"390",2013,"Drought","Klickitat","WA","WHEAT",125.057760771166
"391",2014,"Drought","Klickitat","WA","WHEAT",350.310041815412
"392",2015,"Drought","Klickitat","WA","WHEAT",304.426716734755
"393",1989,"Drought","Lincoln","WA","WHEAT",292.299860593762
"394",1990,"Drought","Lincoln","WA","WHEAT",121.545291189113
"395",1991,"Drought","Lincoln","WA","WHEAT",138.618648661291
"396",1992,"Drought","Lincoln","WA","WHEAT",239.973178615028
"397",1993,"Drought","Lincoln","WA","WHEAT",69.784592865689
"398",1994,"Drought","Lincoln","WA","WHEAT",112.439272391611
"399",1995,"Drought","Lincoln","WA","WHEAT",62.0194849190485
"400",1996,"Drought","Lincoln","WA","WHEAT",59.5131146502013
"401",1998,"Drought","Lincoln","WA","WHEAT",45.8826011794674
"402",1999,"Drought","Lincoln","WA","WHEAT",147.880271776637
"403",2000,"Drought","Lincoln","WA","WHEAT",80.306029132602
"404",2001,"Drought","Lincoln","WA","WHEAT",245.786201213069
"405",2002,"Drought","Lincoln","WA","WHEAT",266.784899128641
"406",2003,"Drought","Lincoln","WA","WHEAT",333.528560068889
"407",2004,"Drought","Lincoln","WA","WHEAT",290.682730656865
"408",2005,"Drought","Lincoln","WA","WHEAT",239.823195291481
"409",2006,"Drought","Lincoln","WA","WHEAT",50.3326733574834
"410",2007,"Drought","Lincoln","WA","WHEAT",176.819842900118
"411",2008,"Drought","Lincoln","WA","WHEAT",708.825789262067
"412",2009,"Drought","Lincoln","WA","WHEAT",1120.72803684703
"413",2010,"Drought","Lincoln","WA","WHEAT",258.25068126087
"414",2011,"Drought","Lincoln","WA","WHEAT",22.4183045533446
"415",2012,"Drought","Lincoln","WA","WHEAT",90.7454812411646
"416",2013,"Drought","Lincoln","WA","WHEAT",143.622236169517
"417",2014,"Drought","Lincoln","WA","WHEAT",744.373025089212
"418",2015,"Drought","Lincoln","WA","WHEAT",822.911311292742
"419",2001,"Drought","Okanogan","WA","WHEAT",11.2662317133458
"420",2002,"Drought","Okanogan","WA","WHEAT",13.7453979088991
"421",2003,"Drought","Okanogan","WA","WHEAT",44.7831257013877
"422",2004,"Drought","Okanogan","WA","WHEAT",31.2614038379731
"423",2008,"Drought","Okanogan","WA","WHEAT",54.1056832183786
"424",2009,"Drought","Okanogan","WA","WHEAT",56.3141011503143
"425",2012,"Drought","Okanogan","WA","WHEAT",27.6321779587049
"426",2014,"Drought","Okanogan","WA","WHEAT",98.3651940818727
"427",2015,"Drought","Okanogan","WA","WHEAT",89.6308385429268
"428",2003,"Drought","Skagit","WA","WHEAT",17.3003151846527
"429",2001,"Drought","Spokane","WA","WHEAT",67.7326621893588
"430",2002,"Drought","Spokane","WA","WHEAT",65.1585778432505
"431",2003,"Drought","Spokane","WA","WHEAT",130.926967292413
"432",2004,"Drought","Spokane","WA","WHEAT",47.2235948711303
"433",2005,"Drought","Spokane","WA","WHEAT",85.180497932258
"434",2006,"Drought","Spokane","WA","WHEAT",47.4163288021905
"435",2007,"Drought","Spokane","WA","WHEAT",112.501497958017
"436",2008,"Drought","Spokane","WA","WHEAT",314.448077017501
"437",2009,"Drought","Spokane","WA","WHEAT",516.999919129722
"438",2010,"Drought","Spokane","WA","WHEAT",48.367346257958
"439",2011,"Drought","Spokane","WA","WHEAT",63.930714442607
"440",2012,"Drought","Spokane","WA","WHEAT",19.518850935675
"441",2013,"Drought","Spokane","WA","WHEAT",98.3170576256503
"442",2014,"Drought","Spokane","WA","WHEAT",419.635145053669
"443",2015,"Drought","Spokane","WA","WHEAT",490.838907280846
"444",1989,"Drought","Walla Walla","WA","WHEAT",113.785096802341
"445",1990,"Drought","Walla Walla","WA","WHEAT",135.853688324936
"446",1991,"Drought","Walla Walla","WA","WHEAT",147.259005272373
"447",1992,"Drought","Walla Walla","WA","WHEAT",256.072007688407
"448",1994,"Drought","Walla Walla","WA","WHEAT",213.880804075023
"449",1995,"Drought","Walla Walla","WA","WHEAT",16.7862510337322
"450",1997,"Drought","Walla Walla","WA","WHEAT",31.330289566134
"451",1998,"Drought","Walla Walla","WA","WHEAT",125.438040099326
"452",1999,"Drought","Walla Walla","WA","WHEAT",331.200981945343
"453",2000,"Drought","Walla Walla","WA","WHEAT",122.540282332669
"454",2001,"Drought","Walla Walla","WA","WHEAT",190.515759554394
"455",2002,"Drought","Walla Walla","WA","WHEAT",384.15121480465
"456",2003,"Drought","Walla Walla","WA","WHEAT",226.861402771419
"457",2004,"Drought","Walla Walla","WA","WHEAT",124.324803432284
"458",2005,"Drought","Walla Walla","WA","WHEAT",288.283870676031
"459",2006,"Drought","Walla Walla","WA","WHEAT",241.176200503169
"460",2007,"Drought","Walla Walla","WA","WHEAT",270.353402079354
"461",2008,"Drought","Walla Walla","WA","WHEAT",454.090905969871
"462",2009,"Drought","Walla Walla","WA","WHEAT",444.610292059149
"463",2010,"Drought","Walla Walla","WA","WHEAT",121.889153907644
"464",2012,"Drought","Walla Walla","WA","WHEAT",99.6660275926936
"465",2013,"Drought","Walla Walla","WA","WHEAT",556.821664088455
"466",2014,"Drought","Walla Walla","WA","WHEAT",625.210655177343
"467",2015,"Drought","Walla Walla","WA","WHEAT",735.331844397717
"468",1989,"Drought","Whitman","WA","WHEAT",127.021167965545
"469",1990,"Drought","Whitman","WA","WHEAT",87.9600007633461
"470",1991,"Drought","Whitman","WA","WHEAT",73.7841400147442
"471",1992,"Drought","Whitman","WA","WHEAT",323.703017592694
"472",1993,"Drought","Whitman","WA","WHEAT",18.4185624577454
"473",1994,"Drought","Whitman","WA","WHEAT",322.669920576623
"474",1995,"Drought","Whitman","WA","WHEAT",165.843691132312
"475",1996,"Drought","Whitman","WA","WHEAT",61.6263267201721
"476",1997,"Drought","Whitman","WA","WHEAT",13.3119797088494
"477",1998,"Drought","Whitman","WA","WHEAT",40.5638623862183
"478",1999,"Drought","Whitman","WA","WHEAT",265.517234422856
"479",2000,"Drought","Whitman","WA","WHEAT",121.806377660569
"480",2001,"Drought","Whitman","WA","WHEAT",262.470864172476
"481",2002,"Drought","Whitman","WA","WHEAT",268.366934746171
"482",2003,"Drought","Whitman","WA","WHEAT",256.228355381932
"483",2004,"Drought","Whitman","WA","WHEAT",112.979990887997
"484",2005,"Drought","Whitman","WA","WHEAT",290.74570878614
"485",2006,"Drought","Whitman","WA","WHEAT",105.182184709552
"486",2007,"Drought","Whitman","WA","WHEAT",224.162641594313
"487",2008,"Drought","Whitman","WA","WHEAT",505.421066650394
"488",2009,"Drought","Whitman","WA","WHEAT",479.947307884843
"489",2010,"Drought","Whitman","WA","WHEAT",272.629935048662
"490",2011,"Drought","Whitman","WA","WHEAT",56.5960820237302
"491",2012,"Drought","Whitman","WA","WHEAT",14.7529918282331
"492",2013,"Drought","Whitman","WA","WHEAT",242.061165715681
"493",2014,"Drought","Whitman","WA","WHEAT",599.187763934689
"494",2015,"Drought","Whitman","WA","WHEAT",721.920048300751
"495",1989,"Drought","Yakima","WA","WHEAT",32.2332086789771
"496",1990,"Drought","Yakima","WA","WHEAT",149.60416184061
"497",1991,"Drought","Yakima","WA","WHEAT",218.594681155964
"498",1992,"Drought","Yakima","WA","WHEAT",192.349993851999
"499",1993,"Drought","Yakima","WA","WHEAT",25.8192593011216
"500",1994,"Drought","Yakima","WA","WHEAT",30.302225142228
"501",1995,"Drought","Yakima","WA","WHEAT",30.117685878928
"502",1996,"Drought","Yakima","WA","WHEAT",39.9245888893405
"503",1997,"Drought","Yakima","WA","WHEAT",24.934253994726
"504",1999,"Drought","Yakima","WA","WHEAT",84.9959224124745
"505",2000,"Drought","Yakima","WA","WHEAT",81.5499820010037
"506",2001,"Drought","Yakima","WA","WHEAT",149.589902553046
"507",2002,"Drought","Yakima","WA","WHEAT",74.642158623957
"508",2005,"Drought","Yakima","WA","WHEAT",67.9159271334633
"509",2007,"Drought","Yakima","WA","WHEAT",33.1892790278023
"510",2008,"Drought","Yakima","WA","WHEAT",74.5846074859778
"511",2009,"Drought","Yakima","WA","WHEAT",167.987444584193
"512",2010,"Drought","Yakima","WA","WHEAT",65.2448936158198
"513",2012,"Drought","Yakima","WA","WHEAT",113.606695409741
"514",2013,"Drought","Yakima","WA","WHEAT",154.649405397493
"515",2014,"Drought","Yakima","WA","WHEAT",241.526660328621
"516",2015,"Drought","Yakima","WA","WHEAT",194.813806233908
