"","month","damagecause","county","state","commodity","loss"
"1","JAN","Drought","Idaho","ID","WHEAT",2297.4
"2","JAN","Drought","Lewis","ID","WHEAT",1576.5
"3","JAN","Drought","Gilliam","OR","WHEAT",197386
"4","JAN","Drought","Morrow","OR","WHEAT",1494539.2
"5","JAN","Drought","Sherman","OR","WHEAT",19270.75
"6","JAN","Drought","Umatilla","OR","WHEAT",1596224.88
"7","JAN","Drought","Union","OR","WHEAT",443
"8","JAN","Drought","Wallowa","OR","WHEAT",50117
"9","JAN","Drought","Wasco","OR","WHEAT",58293.3
"10","JAN","Drought","Adams","WA","WHEAT",2722655.44
"11","JAN","Drought","Asotin","WA","WHEAT",4717.5
"12","JAN","Drought","Benton","WA","WHEAT",1328230.22
"13","JAN","Drought","Columbia","WA","WHEAT",33538
"14","JAN","Drought","Douglas","WA","WHEAT",2179532.93
"15","JAN","Drought","Franklin","WA","WHEAT",754825.34
"16","JAN","Drought","Grant","WA","WHEAT",1240723.18
"17","JAN","Drought","Lincoln","WA","WHEAT",1668501.08
"18","JAN","Drought","Spokane","WA","WHEAT",135921.3
"19","JAN","Drought","Walla Walla","WA","WHEAT",1139943.11
"20","JAN","Drought","Whitman","WA","WHEAT",62966.2
"21","FEB","Drought","Benewah","ID","WHEAT",1030
"22","FEB","Drought","Franklin","ID","WHEAT",9841
"23","FEB","Drought","Idaho","ID","WHEAT",22971.96
"24","FEB","Drought","Latah","ID","WHEAT",60740
"25","FEB","Drought","Nez Perce","ID","WHEAT",11265.85
"26","FEB","Drought","Gilliam","OR","WHEAT",667095.79
"27","FEB","Drought","Morrow","OR","WHEAT",4168850.36
"28","FEB","Drought","Sherman","OR","WHEAT",465966.72
"29","FEB","Drought","Umatilla","OR","WHEAT",5146719.96
"30","FEB","Drought","Union","OR","WHEAT",21333
"31","FEB","Drought","Wallowa","OR","WHEAT",19208.4
"32","FEB","Drought","Wasco","OR","WHEAT",852027.85
"33","FEB","Drought","Adams","WA","WHEAT",3276908.69
"34","FEB","Drought","Asotin","WA","WHEAT",12914.4
"35","FEB","Drought","Benton","WA","WHEAT",787702.6
"36","FEB","Drought","Columbia","WA","WHEAT",61050.4
"37","FEB","Drought","Douglas","WA","WHEAT",1860332.43
"38","FEB","Drought","Franklin","WA","WHEAT",2356387.52
"39","FEB","Drought","Garfield","WA","WHEAT",24319.7
"40","FEB","Drought","Grant","WA","WHEAT",1737023.99
"41","FEB","Drought","Lincoln","WA","WHEAT",976993.6
"42","FEB","Drought","Spokane","WA","WHEAT",2321.2
"43","FEB","Drought","Walla Walla","WA","WHEAT",643740.49
"44","FEB","Drought","Whitman","WA","WHEAT",154556.1
"45","MAR","Drought","Idaho","ID","WHEAT",1757
"46","MAR","Drought","Lewis","ID","WHEAT",4258
"47","MAR","Drought","Nez Perce","ID","WHEAT",8115.5
"48","MAR","Drought","Gilliam","OR","WHEAT",2434088.56
"49","MAR","Drought","Morrow","OR","WHEAT",3454256.38
"50","MAR","Drought","Sherman","OR","WHEAT",1926984.49
"51","MAR","Drought","Umatilla","OR","WHEAT",4980252.82
"52","MAR","Drought","Union","OR","WHEAT",5590.3
"53","MAR","Drought","Wallowa","OR","WHEAT",31517.7
"54","MAR","Drought","Wasco","OR","WHEAT",1490396.6
"55","MAR","Drought","Adams","WA","WHEAT",4193889.17
"56","MAR","Drought","Asotin","WA","WHEAT",36490.5
"57","MAR","Drought","Benton","WA","WHEAT",789113.28
"58","MAR","Drought","Columbia","WA","WHEAT",59271.19
"59","MAR","Drought","Douglas","WA","WHEAT",4202815.83
"60","MAR","Drought","Franklin","WA","WHEAT",1363886.81
"61","MAR","Drought","Garfield","WA","WHEAT",145442.15
"62","MAR","Drought","Grant","WA","WHEAT",1456812.71
"63","MAR","Drought","Lincoln","WA","WHEAT",3327424.06
"64","MAR","Drought","Spokane","WA","WHEAT",356639
"65","MAR","Drought","Walla Walla","WA","WHEAT",1171308.25
"66","MAR","Drought","Whitman","WA","WHEAT",398066.02
"67","APR","Drought","Benewah","ID","WHEAT",20844
"68","APR","Drought","Clearwater","ID","WHEAT",12001
"69","APR","Drought","Franklin","ID","WHEAT",3464.3
"70","APR","Drought","Idaho","ID","WHEAT",27648.1
"71","APR","Drought","Kootenai","ID","WHEAT",64268
"72","APR","Drought","Latah","ID","WHEAT",140824.17
"73","APR","Drought","Lewis","ID","WHEAT",80731
"74","APR","Drought","Nez Perce","ID","WHEAT",282538
"75","APR","Drought","Gilliam","OR","WHEAT",2378186.65
"76","APR","Drought","Morrow","OR","WHEAT",7531387.65
"77","APR","Drought","Sherman","OR","WHEAT",645164.94
"78","APR","Drought","Umatilla","OR","WHEAT",9462881.97
"79","APR","Drought","Union","OR","WHEAT",18566.4
"80","APR","Drought","Wallowa","OR","WHEAT",118696.1
"81","APR","Drought","Wasco","OR","WHEAT",664343.43
"82","APR","Drought","Adams","WA","WHEAT",3768756.52
"83","APR","Drought","Asotin","WA","WHEAT",112260.6
"84","APR","Drought","Benton","WA","WHEAT",4454898.95
"85","APR","Drought","Columbia","WA","WHEAT",804648.39
"86","APR","Drought","Douglas","WA","WHEAT",1557407.89
"87","APR","Drought","Franklin","WA","WHEAT",1482165.61
"88","APR","Drought","Garfield","WA","WHEAT",291901.7
"89","APR","Drought","Grant","WA","WHEAT",2341286.54
"90","APR","Drought","Lincoln","WA","WHEAT",3359855.39
"91","APR","Drought","Spokane","WA","WHEAT",499611.57
"92","APR","Drought","Walla Walla","WA","WHEAT",3564267.96
"93","APR","Drought","Whitman","WA","WHEAT",1335445.2
"94","MAY","Drought","Benewah","ID","WHEAT",440379.85
"95","MAY","Drought","Clearwater","ID","WHEAT",430512.6
"96","MAY","Drought","Franklin","ID","WHEAT",54454.4
"97","MAY","Drought","Idaho","ID","WHEAT",531669.25
"98","MAY","Drought","Kootenai","ID","WHEAT",92508.25
"99","MAY","Drought","Latah","ID","WHEAT",1077723.95
"100","MAY","Drought","Lewis","ID","WHEAT",660998.73
"101","MAY","Drought","Nez Perce","ID","WHEAT",6519290.05
"102","MAY","Drought","Gilliam","OR","WHEAT",19226636.5
"103","MAY","Drought","Morrow","OR","WHEAT",42220588.46
"104","MAY","Drought","Sherman","OR","WHEAT",11003438.29
"105","MAY","Drought","Umatilla","OR","WHEAT",29346471.46
"106","MAY","Drought","Union","OR","WHEAT",239048.62
"107","MAY","Drought","Wallowa","OR","WHEAT",179032.4
"108","MAY","Drought","Wasco","OR","WHEAT",9952908.09
"109","MAY","Drought","Adams","WA","WHEAT",16460144.59
"110","MAY","Drought","Asotin","WA","WHEAT",2769698.17
"111","MAY","Drought","Benton","WA","WHEAT",5734558.6
"112","MAY","Drought","Columbia","WA","WHEAT",3851575.96
"113","MAY","Drought","Douglas","WA","WHEAT",7945221.73
"114","MAY","Drought","Franklin","WA","WHEAT",3593941.31
"115","MAY","Drought","Garfield","WA","WHEAT",1520847.3
"116","MAY","Drought","Grant","WA","WHEAT",11167306.51
"117","MAY","Drought","Lincoln","WA","WHEAT",19892143.21
"118","MAY","Drought","Spokane","WA","WHEAT",2027235.91
"119","MAY","Drought","Walla Walla","WA","WHEAT",11207930.99
"120","MAY","Drought","Whitman","WA","WHEAT",7994191.15
"121","JUN","Drought","Benewah","ID","WHEAT",1560187.89
"122","JUN","Drought","Clearwater","ID","WHEAT",179093.15
"123","JUN","Drought","Franklin","ID","WHEAT",312430.39
"124","JUN","Drought","Idaho","ID","WHEAT",5137340.15
"125","JUN","Drought","Kootenai","ID","WHEAT",327955.1
"126","JUN","Drought","Latah","ID","WHEAT",2215570.52
"127","JUN","Drought","Lewis","ID","WHEAT",4909285.24
"128","JUN","Drought","Nez Perce","ID","WHEAT",3512931.9
"129","JUN","Drought","Gilliam","OR","WHEAT",13539061.59
"130","JUN","Drought","Morrow","OR","WHEAT",26349664.32
"131","JUN","Drought","Sherman","OR","WHEAT",6701307.1
"132","JUN","Drought","Umatilla","OR","WHEAT",28942767.34
"133","JUN","Drought","Union","OR","WHEAT",100815.2
"134","JUN","Drought","Wallowa","OR","WHEAT",430948.32
"135","JUN","Drought","Wasco","OR","WHEAT",4145925.2
"136","JUN","Drought","Adams","WA","WHEAT",15681436.05
"137","JUN","Drought","Asotin","WA","WHEAT",622570.83
"138","JUN","Drought","Benton","WA","WHEAT",4215845.81
"139","JUN","Drought","Columbia","WA","WHEAT",3711592.74
"140","JUN","Drought","Douglas","WA","WHEAT",10325138.83
"141","JUN","Drought","Franklin","WA","WHEAT",2592509.14
"142","JUN","Drought","Garfield","WA","WHEAT",2523230.93
"143","JUN","Drought","Grant","WA","WHEAT",6842216.69
"144","JUN","Drought","Lincoln","WA","WHEAT",26434048.3
"145","JUN","Drought","Spokane","WA","WHEAT",7271367.06
"146","JUN","Drought","Walla Walla","WA","WHEAT",14221479.81
"147","JUN","Drought","Whitman","WA","WHEAT",22031558.47
"148","JUL","Drought","Benewah","ID","WHEAT",452679.58
"149","JUL","Drought","Clearwater","ID","WHEAT",496286.85
"150","JUL","Drought","Franklin","ID","WHEAT",81967.9
"151","JUL","Drought","Idaho","ID","WHEAT",5130031.4
"152","JUL","Drought","Kootenai","ID","WHEAT",53596.7
"153","JUL","Drought","Latah","ID","WHEAT",1571357.38
"154","JUL","Drought","Lewis","ID","WHEAT",5788012.61
"155","JUL","Drought","Nez Perce","ID","WHEAT",3294709.17
"156","JUL","Drought","Gilliam","OR","WHEAT",3384035.47
"157","JUL","Drought","Morrow","OR","WHEAT",4046317.17
"158","JUL","Drought","Sherman","OR","WHEAT",3107007.79
"159","JUL","Drought","Umatilla","OR","WHEAT",4921337.04
"160","JUL","Drought","Union","OR","WHEAT",166461.3
"161","JUL","Drought","Wallowa","OR","WHEAT",82455.11
"162","JUL","Drought","Wasco","OR","WHEAT",1657000.7
"163","JUL","Drought","Adams","WA","WHEAT",4418631.6
"164","JUL","Drought","Asotin","WA","WHEAT",513435.05
"165","JUL","Drought","Benton","WA","WHEAT",1968406.52
"166","JUL","Drought","Columbia","WA","WHEAT",1131690.7
"167","JUL","Drought","Douglas","WA","WHEAT",4261426.2
"168","JUL","Drought","Franklin","WA","WHEAT",1053817.94
"169","JUL","Drought","Garfield","WA","WHEAT",1369560.61
"170","JUL","Drought","Grant","WA","WHEAT",2583474.38
"171","JUL","Drought","Lincoln","WA","WHEAT",9755404.38
"172","JUL","Drought","Spokane","WA","WHEAT",2267665.2
"173","JUL","Drought","Walla Walla","WA","WHEAT",5139832.3
"174","JUL","Drought","Whitman","WA","WHEAT",11174196.93
"175","AUG","Drought","Benewah","ID","WHEAT",10837
"176","AUG","Drought","Clearwater","ID","WHEAT",112481.5
"177","AUG","Drought","Franklin","ID","WHEAT",35983
"178","AUG","Drought","Idaho","ID","WHEAT",146953.2
"179","AUG","Drought","Latah","ID","WHEAT",287611.95
"180","AUG","Drought","Lewis","ID","WHEAT",594775.4
"181","AUG","Drought","Nez Perce","ID","WHEAT",1299190.03
"182","AUG","Drought","Gilliam","OR","WHEAT",1099259.89
"183","AUG","Drought","Morrow","OR","WHEAT",275564.49
"184","AUG","Drought","Sherman","OR","WHEAT",1010836
"185","AUG","Drought","Umatilla","OR","WHEAT",76193.5
"186","AUG","Drought","Union","OR","WHEAT",114669
"187","AUG","Drought","Wallowa","OR","WHEAT",149824
"188","AUG","Drought","Wasco","OR","WHEAT",261897
"189","AUG","Drought","Adams","WA","WHEAT",1883488.24
"190","AUG","Drought","Asotin","WA","WHEAT",385760.5
"191","AUG","Drought","Benton","WA","WHEAT",577397.57
"192","AUG","Drought","Columbia","WA","WHEAT",687756.34
"193","AUG","Drought","Douglas","WA","WHEAT",1323895.8
"194","AUG","Drought","Franklin","WA","WHEAT",283344.11
"195","AUG","Drought","Garfield","WA","WHEAT",61178
"196","AUG","Drought","Grant","WA","WHEAT",847270.02
"197","AUG","Drought","Lincoln","WA","WHEAT",3903250.59
"198","AUG","Drought","Spokane","WA","WHEAT",425673.86
"199","AUG","Drought","Walla Walla","WA","WHEAT",1244660
"200","AUG","Drought","Whitman","WA","WHEAT",1458767.19
"201","SEP","Drought","Clearwater","ID","WHEAT",4441.5
"202","SEP","Drought","Franklin","ID","WHEAT",12308.71
"203","SEP","Drought","Idaho","ID","WHEAT",74880
"204","SEP","Drought","Latah","ID","WHEAT",59061.8
"205","SEP","Drought","Lewis","ID","WHEAT",92260
"206","SEP","Drought","Nez Perce","ID","WHEAT",99017
"207","SEP","Drought","Gilliam","OR","WHEAT",281352.6
"208","SEP","Drought","Morrow","OR","WHEAT",360169.2
"209","SEP","Drought","Sherman","OR","WHEAT",16574
"210","SEP","Drought","Umatilla","OR","WHEAT",461519.5
"211","SEP","Drought","Union","OR","WHEAT",42393
"212","SEP","Drought","Wasco","OR","WHEAT",16018.2
"213","SEP","Drought","Adams","WA","WHEAT",389448.35
"214","SEP","Drought","Asotin","WA","WHEAT",163240.4
"215","SEP","Drought","Benton","WA","WHEAT",235448
"216","SEP","Drought","Columbia","WA","WHEAT",62813
"217","SEP","Drought","Douglas","WA","WHEAT",1291154.03
"218","SEP","Drought","Franklin","WA","WHEAT",127871.5
"219","SEP","Drought","Garfield","WA","WHEAT",856
"220","SEP","Drought","Grant","WA","WHEAT",560802.99
"221","SEP","Drought","Lincoln","WA","WHEAT",1349969.74
"222","SEP","Drought","Spokane","WA","WHEAT",664743.17
"223","SEP","Drought","Walla Walla","WA","WHEAT",240110
"224","SEP","Drought","Whitman","WA","WHEAT",610893.85
"225","OCT",NA,NA,NA,NA,NA
"226","NOV",NA,NA,NA,NA,NA
"227","DEC",NA,NA,NA,NA,NA
