"","year","damagecause","county","state","commodity","(loss/acres)"
"1",2001,"Drought","Benewah","ID","WHEAT",31.7451040391677
"2",2002,"Drought","Benewah","ID","WHEAT",21.6236090723993
"3",2003,"Drought","Benewah","ID","WHEAT",82.8887444653577
"4",2004,"Drought","Benewah","ID","WHEAT",23.551867219917
"5",2005,"Drought","Benewah","ID","WHEAT",24.64375
"6",2006,"Drought","Benewah","ID","WHEAT",32.3122042236394
"7",2007,"Drought","Benewah","ID","WHEAT",100.385321068083
"8",2008,"Drought","Benewah","ID","WHEAT",231.653619100413
"9",2009,"Drought","Benewah","ID","WHEAT",764.933213181171
"10",2010,"Drought","Benewah","ID","WHEAT",120.054585116593
"11",2013,"Drought","Benewah","ID","WHEAT",411.797828553124
"12",2014,"Drought","Benewah","ID","WHEAT",201.757511579999
"13",2015,"Drought","Benewah","ID","WHEAT",485.048332318795
