"","year","damagecause","county","state","commodity","cube_loss"
"1",2001,"Drought","Benewah","ID","WHEAT",25.2382554929446
"2",2002,"Drought","Benewah","ID","WHEAT",17.3542728529495
"3",2003,"Drought","Benewah","ID","WHEAT",68.8461939867036
"4",2004,"Drought","Benewah","ID","WHEAT",12.9544758756534
"5",2005,"Drought","Benewah","ID","WHEAT",15.5816022428799
"6",2006,"Drought","Benewah","ID","WHEAT",44.426709248987
"7",2007,"Drought","Benewah","ID","WHEAT",41.8062065770256
"8",2008,"Drought","Benewah","ID","WHEAT",118.377935422018
"9",2009,"Drought","Benewah","ID","WHEAT",131.225826911796
"10",2010,"Drought","Benewah","ID","WHEAT",34.8417471529252
"11",2013,"Drought","Benewah","ID","WHEAT",86.2478167962545
"12",2014,"Drought","Benewah","ID","WHEAT",120.134817526751
"13",2015,"Drought","Benewah","ID","WHEAT",247.723411913889
