"","year","damagecause","county","state","commodity","pct_acreage"
"3",2001,"Drought","Benewah","ID","WHEAT",1
"31",2002,"Drought","Benewah","ID","WHEAT",0.6
"59",2003,"Drought","Benewah","ID","WHEAT",0.903686350021395
"86",2004,"Drought","Benewah","ID","WHEAT",0.216075671313937
"107",2005,"Drought","Benewah","ID","WHEAT",0.678052294783235
"132",2006,"Drought","Benewah","ID","WHEAT",0.460316351232394
"155",2007,"Drought","Benewah","ID","WHEAT",0.464394647835625
"181",2008,"Drought","Benewah","ID","WHEAT",0.613596431267121
"208",2009,"Drought","Benewah","ID","WHEAT",0.0957659065805653
"234",2010,"Drought","Benewah","ID","WHEAT",0.094668372268119
"289",2013,"Drought","Benewah","ID","WHEAT",0.0704436803756273
"316",2014,"Drought","Benewah","ID","WHEAT",0.257759125273064
"344",2015,"Drought","Benewah","ID","WHEAT",0.57426441688002
