"","year","damagecause","county","state","commodity","loss"
"1",2001,"Drought","Benewah","ID","WHEAT",16076
"2",2002,"Drought","Benewah","ID","WHEAT",5226.6
"3",2003,"Drought","Benewah","ID","WHEAT",53884.4
"4",2004,"Drought","Benewah","ID","WHEAT",2174
"5",2005,"Drought","Benewah","ID","WHEAT",3783
"6",2006,"Drought","Benewah","ID","WHEAT",32348.2
"7",2007,"Drought","Benewah","ID","WHEAT",48476
"8",2008,"Drought","Benewah","ID","WHEAT",272744.33
"9",2009,"Drought","Benewah","ID","WHEAT",362591.5
"10",2010,"Drought","Benewah","ID","WHEAT",11754
"11",2013,"Drought","Benewah","ID","WHEAT",61219.8
"12",2014,"Drought","Benewah","ID","WHEAT",187008.6
"13",2015,"Drought","Benewah","ID","WHEAT",1428671.89
