"","year","damagecause","county","state","commodity","acres"
"1",2001,"Drought","Benewah","ID","WHEAT",522.88
"2",2002,"Drought","Benewah","ID","WHEAT",253.428
"3",2003,"Drought","Benewah","ID","WHEAT",1689.532
"4",2004,"Drought","Benewah","ID","WHEAT",96.4
"5",2005,"Drought","Benewah","ID","WHEAT",160
"6",2006,"Drought","Benewah","ID","WHEAT",1673.342
"7",2007,"Drought","Benewah","ID","WHEAT",1062.73
"8",2008,"Drought","Benewah","ID","WHEAT",3617.5498
"9",2009,"Drought","Benewah","ID","WHEAT",1608.307
"10",2010,"Drought","Benewah","ID","WHEAT",252.73
"11",2013,"Drought","Benewah","ID","WHEAT",503.797
"12",2014,"Drought","Benewah","ID","WHEAT",2732.97
"13",2015,"Drought","Benewah","ID","WHEAT",14138.7948
