"","year","damagecause","county","state","commodity","cube_acres"
"1",2001,"Drought","Benewah","ID","WHEAT",8.05626995029529
"2",2002,"Drought","Benewah","ID","WHEAT",6.32826803365163
"3",2003,"Drought","Benewah","ID","WHEAT",22.5370096231781
"4",2004,"Drought","Benewah","ID","WHEAT",4.58520768150082
"5",2005,"Drought","Benewah","ID","WHEAT",5.42883523318981
"6",2006,"Drought","Benewah","ID","WHEAT",17.394744400815
"7",2007,"Drought","Benewah","ID","WHEAT",11.6216262661855
"8",2008,"Drought","Benewah","ID","WHEAT",28.4997698287954
"9",2009,"Drought","Benewah","ID","WHEAT",21.2731510525759
"10",2010,"Drought","Benewah","ID","WHEAT",9.92867666677526
"11",2013,"Drought","Benewah","ID","WHEAT",18.1077583344522
"12",2014,"Drought","Benewah","ID","WHEAT",31.4358815317471
"13",2015,"Drought","Benewah","ID","WHEAT",51.6209239684555
