"","year","damagecause","county","state","commodity","cube_acres"
"1",2001,"Drought","Benewah","ID","WHEAT",9.05626995029529
"2",2002,"Drought","Benewah","ID","WHEAT",7.32826803365163
"3",2003,"Drought","Benewah","ID","WHEAT",23.5370096231781
"4",2004,"Drought","Benewah","ID","WHEAT",5.58520768150082
"5",2005,"Drought","Benewah","ID","WHEAT",6.42883523318981
"6",2006,"Drought","Benewah","ID","WHEAT",18.394744400815
"7",2007,"Drought","Benewah","ID","WHEAT",12.6216262661855
"8",2008,"Drought","Benewah","ID","WHEAT",29.4997698287954
"9",2009,"Drought","Benewah","ID","WHEAT",22.2731510525759
"10",2010,"Drought","Benewah","ID","WHEAT",10.9286766667753
"11",2013,"Drought","Benewah","ID","WHEAT",19.1077583344522
"12",2014,"Drought","Benewah","ID","WHEAT",32.4358815317471
"13",2015,"Drought","Benewah","ID","WHEAT",52.6209239684555
"14",2001,"Drought","Idaho","ID","WHEAT",5.83144859795678
"15",2002,"Drought","Idaho","ID","WHEAT",24.8509398585746
"16",2003,"Drought","Idaho","ID","WHEAT",32.263599415881
"17",2005,"Drought","Idaho","ID","WHEAT",20.9082019998358
"18",2006,"Drought","Idaho","ID","WHEAT",29.7995389069585
"19",2007,"Drought","Idaho","ID","WHEAT",50.6798595852976
"20",2008,"Drought","Idaho","ID","WHEAT",59.3365876692043
"21",2009,"Drought","Idaho","ID","WHEAT",24.564451129394
"22",2010,"Drought","Idaho","ID","WHEAT",22.6485433312866
"23",2012,"Drought","Idaho","ID","WHEAT",8.74515145290694
"24",2013,"Drought","Idaho","ID","WHEAT",38.9778125973625
"25",2014,"Drought","Idaho","ID","WHEAT",32.3349580032582
"26",2015,"Drought","Idaho","ID","WHEAT",80.6353025851995
"27",2001,"Drought","Kootenai","ID","WHEAT",3.26695017599497
"28",2002,"Drought","Kootenai","ID","WHEAT",4.60246744422692
"29",2013,"Drought","Kootenai","ID","WHEAT",5.54247841544468
"30",2014,"Drought","Kootenai","ID","WHEAT",28.4574762071575
"31",2015,"Drought","Kootenai","ID","WHEAT",37.0912366327375
"32",2001,"Drought","Latah","ID","WHEAT",10.3942365577611
"33",2002,"Drought","Latah","ID","WHEAT",7.42267348530831
"34",2003,"Drought","Latah","ID","WHEAT",45.0157013123133
"35",2005,"Drought","Latah","ID","WHEAT",13.2157588161301
"36",2006,"Drought","Latah","ID","WHEAT",19.6404274864574
"37",2007,"Drought","Latah","ID","WHEAT",33.7263943095808
"38",2008,"Drought","Latah","ID","WHEAT",54.480483568661
"39",2009,"Drought","Latah","ID","WHEAT",37.6751676170238
"40",2010,"Drought","Latah","ID","WHEAT",30.3781440446816
"41",2012,"Drought","Latah","ID","WHEAT",21.1819479185528
"42",2013,"Drought","Latah","ID","WHEAT",41.9238889959175
"43",2014,"Drought","Latah","ID","WHEAT",59.1714319709319
"44",2015,"Drought","Latah","ID","WHEAT",86.0609986137862
"45",2001,"Drought","Lewis","ID","WHEAT",15.3779979130919
"46",2002,"Drought","Lewis","ID","WHEAT",24.8681624061761
"47",2003,"Drought","Lewis","ID","WHEAT",46.1117489213343
"48",2005,"Drought","Lewis","ID","WHEAT",27.3803172671274
"49",2006,"Drought","Lewis","ID","WHEAT",30.8237679734711
"50",2007,"Drought","Lewis","ID","WHEAT",49.3570646571634
"51",2008,"Drought","Lewis","ID","WHEAT",79.3049355990926
"52",2009,"Drought","Lewis","ID","WHEAT",33.8469223459476
"53",2010,"Drought","Lewis","ID","WHEAT",10.0799889866478
"54",2011,"Drought","Lewis","ID","WHEAT",6.35662555851561
"55",2012,"Drought","Lewis","ID","WHEAT",6.74182834187504
"56",2013,"Drought","Lewis","ID","WHEAT",21.764344378268
"57",2014,"Drought","Lewis","ID","WHEAT",42.4702937790055
"58",2015,"Drought","Lewis","ID","WHEAT",66.1940588969075
"59",2001,"Drought","Nez Perce","ID","WHEAT",56.4283562663559
"60",2002,"Drought","Nez Perce","ID","WHEAT",43.7101340366961
"61",2003,"Drought","Nez Perce","ID","WHEAT",34.3281652796294
"62",2004,"Drought","Nez Perce","ID","WHEAT",4.81993220094757
"63",2005,"Drought","Nez Perce","ID","WHEAT",18.1029260578413
"64",2006,"Drought","Nez Perce","ID","WHEAT",28.9028343058684
"65",2007,"Drought","Nez Perce","ID","WHEAT",56.1199626247748
"66",2008,"Drought","Nez Perce","ID","WHEAT",94.4844453498465
"67",2009,"Drought","Nez Perce","ID","WHEAT",61.5764216433556
"68",2011,"Drought","Nez Perce","ID","WHEAT",18.293445106056
"69",2012,"Drought","Nez Perce","ID","WHEAT",7.72066027334338
"70",2013,"Drought","Nez Perce","ID","WHEAT",56.5191008795099
"71",2014,"Drought","Nez Perce","ID","WHEAT",51.1914343808724
"72",2015,"Drought","Nez Perce","ID","WHEAT",59.9508162828116
"73",2001,"Drought","Gilliam","OR","WHEAT",124.407493581269
"74",2002,"Drought","Gilliam","OR","WHEAT",111.870706026224
"75",2003,"Drought","Gilliam","OR","WHEAT",132.156651280238
"76",2004,"Drought","Gilliam","OR","WHEAT",54.9906763785013
"77",2005,"Drought","Gilliam","OR","WHEAT",90.6848967647271
"78",2006,"Drought","Gilliam","OR","WHEAT",24.8213512903793
"79",2007,"Drought","Gilliam","OR","WHEAT",37.2798592139628
"80",2008,"Drought","Gilliam","OR","WHEAT",123.023011808344
"81",2009,"Drought","Gilliam","OR","WHEAT",96.6378336882514
"82",2010,"Drought","Gilliam","OR","WHEAT",27.8856070501329
"83",2012,"Drought","Gilliam","OR","WHEAT",36.1332931012844
"84",2013,"Drought","Gilliam","OR","WHEAT",91.736028727576
"85",2014,"Drought","Gilliam","OR","WHEAT",98.5166874284091
"86",2015,"Drought","Gilliam","OR","WHEAT",97.0238593449657
"87",2001,"Drought","Morrow","OR","WHEAT",171.623183560395
"88",2002,"Drought","Morrow","OR","WHEAT",142.231090574968
"89",2003,"Drought","Morrow","OR","WHEAT",152.473849536152
"90",2004,"Drought","Morrow","OR","WHEAT",121.341203060875
"91",2005,"Drought","Morrow","OR","WHEAT",137.647658477565
"92",2006,"Drought","Morrow","OR","WHEAT",79.854885371709
"93",2007,"Drought","Morrow","OR","WHEAT",49.6470119540878
"94",2008,"Drought","Morrow","OR","WHEAT",117.14504250136
"95",2009,"Drought","Morrow","OR","WHEAT",137.990773377816
"96",2010,"Drought","Morrow","OR","WHEAT",21.349370127221
"97",2012,"Drought","Morrow","OR","WHEAT",41.4669104539794
"98",2013,"Drought","Morrow","OR","WHEAT",99.2175260137514
"99",2014,"Drought","Morrow","OR","WHEAT",113.081392571395
"100",2015,"Drought","Morrow","OR","WHEAT",114.173152259402
"101",2001,"Drought","Sherman","OR","WHEAT",109.557353893038
"102",2002,"Drought","Sherman","OR","WHEAT",126.461905556819
"103",2003,"Drought","Sherman","OR","WHEAT",103.467127601558
"104",2004,"Drought","Sherman","OR","WHEAT",52.4901480059566
"105",2005,"Drought","Sherman","OR","WHEAT",79.9968185273757
"106",2006,"Drought","Sherman","OR","WHEAT",3.49652851508155
"107",2007,"Drought","Sherman","OR","WHEAT",45.9166557347076
"108",2008,"Drought","Sherman","OR","WHEAT",89.0647539456644
"109",2009,"Drought","Sherman","OR","WHEAT",81.5425575584535
"110",2012,"Drought","Sherman","OR","WHEAT",24.8022453735216
"111",2013,"Drought","Sherman","OR","WHEAT",96.9456973660294
"112",2014,"Drought","Sherman","OR","WHEAT",57.5756423356902
"113",2015,"Drought","Sherman","OR","WHEAT",54.5318964499053
"114",2001,"Drought","Umatilla","OR","WHEAT",111.081202782611
"115",2002,"Drought","Umatilla","OR","WHEAT",161.043725064206
"116",2003,"Drought","Umatilla","OR","WHEAT",131.792151916322
"117",2004,"Drought","Umatilla","OR","WHEAT",103.848219208522
"118",2005,"Drought","Umatilla","OR","WHEAT",175.702088084392
"119",2006,"Drought","Umatilla","OR","WHEAT",71.8763398454587
"120",2007,"Drought","Umatilla","OR","WHEAT",111.455632957719
"121",2008,"Drought","Umatilla","OR","WHEAT",121.148435813464
"122",2009,"Drought","Umatilla","OR","WHEAT",83.8124310622231
"123",2010,"Drought","Umatilla","OR","WHEAT",44.4264390585401
"124",2012,"Drought","Umatilla","OR","WHEAT",47.7625814401452
"125",2013,"Drought","Umatilla","OR","WHEAT",102.295985185815
"126",2014,"Drought","Umatilla","OR","WHEAT",132.336106616794
"127",2015,"Drought","Umatilla","OR","WHEAT",110.046449642282
"128",2001,"Drought","Union","OR","WHEAT",27.6421452522859
"129",2002,"Drought","Union","OR","WHEAT",45.7490076552478
"130",2003,"Drought","Union","OR","WHEAT",43.3792075767376
"131",2004,"Drought","Union","OR","WHEAT",11.0152483462312
"132",2006,"Drought","Union","OR","WHEAT",8.59621233238589
"133",2007,"Drought","Union","OR","WHEAT",26.7137930750819
"134",2008,"Drought","Union","OR","WHEAT",10.2299004119875
"135",2009,"Drought","Union","OR","WHEAT",8.17673346211022
"136",2010,"Drought","Union","OR","WHEAT",6.14117633197627
"137",2012,"Drought","Union","OR","WHEAT",9.21324093805882
"138",2013,"Drought","Union","OR","WHEAT",9.20704400184288
"139",2014,"Drought","Union","OR","WHEAT",18.0412962091767
"140",2015,"Drought","Union","OR","WHEAT",19.3076923373106
"141",2001,"Drought","Wallowa","OR","WHEAT",15.8545002916733
"142",2002,"Drought","Wallowa","OR","WHEAT",22.9276711002205
"143",2003,"Drought","Wallowa","OR","WHEAT",20.7909996396728
"144",2004,"Drought","Wallowa","OR","WHEAT",15.1015931615332
"145",2005,"Drought","Wallowa","OR","WHEAT",21.1566782887325
"146",2007,"Drought","Wallowa","OR","WHEAT",25.569561277147
"147",2008,"Drought","Wallowa","OR","WHEAT",10.2945356576715
"148",2013,"Drought","Wallowa","OR","WHEAT",10.6317241967111
"149",2014,"Drought","Wallowa","OR","WHEAT",35.7992747433055
"150",2015,"Drought","Wallowa","OR","WHEAT",28.1052458970178
"151",2001,"Drought","Wasco","OR","WHEAT",109.635071898513
"152",2002,"Drought","Wasco","OR","WHEAT",128.389409188655
"153",2003,"Drought","Wasco","OR","WHEAT",95.1980572195113
"154",2004,"Drought","Wasco","OR","WHEAT",56.1810313644442
"155",2005,"Drought","Wasco","OR","WHEAT",104.963805506265
"156",2006,"Drought","Wasco","OR","WHEAT",16.5554330031292
"157",2007,"Drought","Wasco","OR","WHEAT",56.5622362041986
"158",2008,"Drought","Wasco","OR","WHEAT",58.9196436808902
"159",2009,"Drought","Wasco","OR","WHEAT",38.5177634760975
"160",2013,"Drought","Wasco","OR","WHEAT",70.6849716408464
"161",2014,"Drought","Wasco","OR","WHEAT",42.2306169291207
"162",2015,"Drought","Wasco","OR","WHEAT",56.2743589722674
"163",2001,"Drought","Adams","WA","WHEAT",104.541589824104
"164",2002,"Drought","Adams","WA","WHEAT",127.484188109071
"165",2003,"Drought","Adams","WA","WHEAT",82.4695597474012
"166",2004,"Drought","Adams","WA","WHEAT",96.1501840320174
"167",2005,"Drought","Adams","WA","WHEAT",109.766151694024
"168",2006,"Drought","Adams","WA","WHEAT",47.4640225280621
"169",2007,"Drought","Adams","WA","WHEAT",88.1999567307549
"170",2008,"Drought","Adams","WA","WHEAT",175.731867702469
"171",2009,"Drought","Adams","WA","WHEAT",202.532329682643
"172",2010,"Drought","Adams","WA","WHEAT",56.4277712932048
"173",2012,"Drought","Adams","WA","WHEAT",37.2071937671155
"174",2013,"Drought","Adams","WA","WHEAT",35.875435209431
"175",2014,"Drought","Adams","WA","WHEAT",137.084548991583
"176",2015,"Drought","Adams","WA","WHEAT",177.933571890003
"177",2001,"Drought","Asotin","WA","WHEAT",57.8515545762384
"178",2002,"Drought","Asotin","WA","WHEAT",63.7259797619989
"179",2003,"Drought","Asotin","WA","WHEAT",48.5880782494784
"180",2004,"Drought","Asotin","WA","WHEAT",11.3396002442912
"181",2005,"Drought","Asotin","WA","WHEAT",29.6978148812778
"182",2006,"Drought","Asotin","WA","WHEAT",12.8277045620599
"183",2007,"Drought","Asotin","WA","WHEAT",57.3198521076216
"184",2008,"Drought","Asotin","WA","WHEAT",51.4512316428147
"185",2009,"Drought","Asotin","WA","WHEAT",22.0382887181631
"186",2010,"Drought","Asotin","WA","WHEAT",25.3183941016655
"187",2011,"Drought","Asotin","WA","WHEAT",5.2209085889803
"188",2013,"Drought","Asotin","WA","WHEAT",31.6619102216377
"189",2014,"Drought","Asotin","WA","WHEAT",20.2380698316634
"190",2015,"Drought","Asotin","WA","WHEAT",29.0276619048967
"191",2001,"Drought","Benton","WA","WHEAT",149.406609829194
"192",2002,"Drought","Benton","WA","WHEAT",118.252132217962
"193",2003,"Drought","Benton","WA","WHEAT",98.4325483738163
"194",2004,"Drought","Benton","WA","WHEAT",82.1225379269577
"195",2005,"Drought","Benton","WA","WHEAT",68.9928715099755
"196",2007,"Drought","Benton","WA","WHEAT",7.74145237216416
"197",2008,"Drought","Benton","WA","WHEAT",90.2073042007576
"198",2009,"Drought","Benton","WA","WHEAT",86.3307986825771
"199",2010,"Drought","Benton","WA","WHEAT",38.3178416451381
"200",2012,"Drought","Benton","WA","WHEAT",43.5608049598272
"201",2013,"Drought","Benton","WA","WHEAT",66.6028393566314
"202",2014,"Drought","Benton","WA","WHEAT",111.659677790754
"203",2015,"Drought","Benton","WA","WHEAT",142.061531272966
"204",2001,"Drought","Columbia","WA","WHEAT",52.9274174176699
"205",2002,"Drought","Columbia","WA","WHEAT",52.0585179667224
"206",2003,"Drought","Columbia","WA","WHEAT",40.471100267437
"207",2005,"Drought","Columbia","WA","WHEAT",51.9312805073667
"208",2006,"Drought","Columbia","WA","WHEAT",34.5502661553244
"209",2007,"Drought","Columbia","WA","WHEAT",28.2207727224425
"210",2008,"Drought","Columbia","WA","WHEAT",53.762146494634
"211",2009,"Drought","Columbia","WA","WHEAT",36.6453990835302
"212",2010,"Drought","Columbia","WA","WHEAT",18.9411429096307
"213",2012,"Drought","Columbia","WA","WHEAT",9.68085365399994
"214",2013,"Drought","Columbia","WA","WHEAT",32.925623886321
"215",2014,"Drought","Columbia","WA","WHEAT",96.9247188024524
"216",2015,"Drought","Columbia","WA","WHEAT",119.644203900203
"217",2001,"Drought","Douglas","WA","WHEAT",74.4082155389196
"218",2002,"Drought","Douglas","WA","WHEAT",112.726499552446
"219",2003,"Drought","Douglas","WA","WHEAT",118.670365741485
"220",2004,"Drought","Douglas","WA","WHEAT",63.2268821285473
"221",2005,"Drought","Douglas","WA","WHEAT",53.4342740581654
"222",2006,"Drought","Douglas","WA","WHEAT",18.8054906239208
"223",2007,"Drought","Douglas","WA","WHEAT",43.542984299807
"224",2008,"Drought","Douglas","WA","WHEAT",120.095475503528
"225",2009,"Drought","Douglas","WA","WHEAT",179.834813441208
"226",2010,"Drought","Douglas","WA","WHEAT",104.836037360671
"227",2011,"Drought","Douglas","WA","WHEAT",9.48680767863303
"228",2012,"Drought","Douglas","WA","WHEAT",96.6292086444441
"229",2013,"Drought","Douglas","WA","WHEAT",84.5877826136526
"230",2014,"Drought","Douglas","WA","WHEAT",136.027641832706
"231",2015,"Drought","Douglas","WA","WHEAT",102.711561186912
"232",2001,"Drought","Franklin","WA","WHEAT",68.0808530347476
"233",2002,"Drought","Franklin","WA","WHEAT",66.9296365161617
"234",2003,"Drought","Franklin","WA","WHEAT",44.9679560438138
"235",2004,"Drought","Franklin","WA","WHEAT",54.1736108440324
"236",2005,"Drought","Franklin","WA","WHEAT",28.6499002111198
"237",2006,"Drought","Franklin","WA","WHEAT",9.441232459299
"238",2007,"Drought","Franklin","WA","WHEAT",26.2071336697001
"239",2008,"Drought","Franklin","WA","WHEAT",75.7991379524737
"240",2009,"Drought","Franklin","WA","WHEAT",80.0896338028822
"241",2010,"Drought","Franklin","WA","WHEAT",49.2295504058968
"242",2011,"Drought","Franklin","WA","WHEAT",9.14325284978472
"243",2012,"Drought","Franklin","WA","WHEAT",33.490776335102
"244",2013,"Drought","Franklin","WA","WHEAT",56.7162336230507
"245",2014,"Drought","Franklin","WA","WHEAT",104.364647459604
"246",2015,"Drought","Franklin","WA","WHEAT",128.38608460446
"247",2001,"Drought","Garfield","WA","WHEAT",55.2973425828308
"248",2002,"Drought","Garfield","WA","WHEAT",44.1680158980598
"249",2003,"Drought","Garfield","WA","WHEAT",37.6145757773124
"250",2005,"Drought","Garfield","WA","WHEAT",41.4856211710069
"251",2006,"Drought","Garfield","WA","WHEAT",18.5184083931034
"252",2007,"Drought","Garfield","WA","WHEAT",37.664568252922
"253",2008,"Drought","Garfield","WA","WHEAT",48.3135114573706
"254",2009,"Drought","Garfield","WA","WHEAT",36.0392542298003
"255",2010,"Drought","Garfield","WA","WHEAT",15.0024289756821
"256",2012,"Drought","Garfield","WA","WHEAT",9.07072703478344
"257",2013,"Drought","Garfield","WA","WHEAT",10.0231314417777
"258",2014,"Drought","Garfield","WA","WHEAT",81.645182657946
"259",2015,"Drought","Garfield","WA","WHEAT",71.918067758085
"260",2001,"Drought","Grant","WA","WHEAT",67.8556687574247
"261",2002,"Drought","Grant","WA","WHEAT",69.6838040319544
"262",2003,"Drought","Grant","WA","WHEAT",52.82374285825
"263",2004,"Drought","Grant","WA","WHEAT",69.8640357529994
"264",2005,"Drought","Grant","WA","WHEAT",42.591335384642
"265",2006,"Drought","Grant","WA","WHEAT",12.95424604203
"266",2007,"Drought","Grant","WA","WHEAT",36.0723398565538
"267",2008,"Drought","Grant","WA","WHEAT",113.158842921519
"268",2009,"Drought","Grant","WA","WHEAT",152.100694306881
"269",2010,"Drought","Grant","WA","WHEAT",90.9299249703977
"270",2011,"Drought","Grant","WA","WHEAT",6.8780955468753
"271",2012,"Drought","Grant","WA","WHEAT",69.7196529943894
"272",2013,"Drought","Grant","WA","WHEAT",51.2858805109398
"273",2014,"Drought","Grant","WA","WHEAT",115.448021095322
"274",2015,"Drought","Grant","WA","WHEAT",131.784977367528
"275",2001,"Drought","Klickitat","WA","WHEAT",61.1134578080235
"276",2002,"Drought","Klickitat","WA","WHEAT",42.6146652960418
"277",2003,"Drought","Klickitat","WA","WHEAT",42.1336805472178
"278",2004,"Drought","Klickitat","WA","WHEAT",9.71989107122016
"279",2005,"Drought","Klickitat","WA","WHEAT",68.98105946957
"280",2006,"Drought","Klickitat","WA","WHEAT",5.42151992116873
"281",2007,"Drought","Klickitat","WA","WHEAT",26.9890704031177
"282",2008,"Drought","Klickitat","WA","WHEAT",37.9158281383948
"283",2009,"Drought","Klickitat","WA","WHEAT",41.812958092344
"284",2010,"Drought","Klickitat","WA","WHEAT",16.4038614374328
"285",2011,"Drought","Klickitat","WA","WHEAT",10.4037181609004
"286",2012,"Drought","Klickitat","WA","WHEAT",22.1170850701678
"287",2013,"Drought","Klickitat","WA","WHEAT",35.1208173585499
"288",2014,"Drought","Klickitat","WA","WHEAT",85.1412790301524
"289",2015,"Drought","Klickitat","WA","WHEAT",79.3679491932202
"290",2001,"Drought","Lincoln","WA","WHEAT",95.1191123237999
"291",2002,"Drought","Lincoln","WA","WHEAT",88.287348339543
"292",2003,"Drought","Lincoln","WA","WHEAT",103.100218892147
"293",2004,"Drought","Lincoln","WA","WHEAT",105.709072136853
"294",2005,"Drought","Lincoln","WA","WHEAT",83.5915034370984
"295",2006,"Drought","Lincoln","WA","WHEAT",22.1336013887453
"296",2007,"Drought","Lincoln","WA","WHEAT",57.6811408222143
"297",2008,"Drought","Lincoln","WA","WHEAT",171.43640219211
"298",2009,"Drought","Lincoln","WA","WHEAT",197.5926053872
"299",2010,"Drought","Lincoln","WA","WHEAT",75.0973097342154
"300",2011,"Drought","Lincoln","WA","WHEAT",6.71643966417594
"301",2012,"Drought","Lincoln","WA","WHEAT",25.2965052246577
"302",2013,"Drought","Lincoln","WA","WHEAT",37.8812256018314
"303",2014,"Drought","Lincoln","WA","WHEAT",171.821496683735
"304",2015,"Drought","Lincoln","WA","WHEAT",187.780671660635
"305",2001,"Drought","Okanogan","WA","WHEAT",6.19261772971958
"306",2002,"Drought","Okanogan","WA","WHEAT",7.24640860336118
"307",2003,"Drought","Okanogan","WA","WHEAT",18.3374702414527
"308",2004,"Drought","Okanogan","WA","WHEAT",10.7171058915196
"309",2008,"Drought","Okanogan","WA","WHEAT",16.5978302578163
"310",2009,"Drought","Okanogan","WA","WHEAT",15.0443382477282
"311",2012,"Drought","Okanogan","WA","WHEAT",10.054479501836
"312",2014,"Drought","Okanogan","WA","WHEAT",26.5769359360343
"313",2015,"Drought","Okanogan","WA","WHEAT",27.6319038956535
"314",2003,"Drought","Skagit","WA","WHEAT",4.91486764116886
"315",2001,"Drought","Spokane","WA","WHEAT",24.7545577997487
"316",2002,"Drought","Spokane","WA","WHEAT",24.5554856920808
"317",2003,"Drought","Spokane","WA","WHEAT",45.4937591607739
"318",2004,"Drought","Spokane","WA","WHEAT",19.186305959199
"319",2005,"Drought","Spokane","WA","WHEAT",30.166816246429
"320",2006,"Drought","Spokane","WA","WHEAT",17.529323533888
"321",2007,"Drought","Spokane","WA","WHEAT",35.2307241102589
"322",2008,"Drought","Spokane","WA","WHEAT",79.3515314955278
"323",2009,"Drought","Spokane","WA","WHEAT",87.1573127782714
"324",2010,"Drought","Spokane","WA","WHEAT",16.5510461374283
"325",2011,"Drought","Spokane","WA","WHEAT",12.7201865332701
"326",2012,"Drought","Spokane","WA","WHEAT",4.83703402335727
"327",2013,"Drought","Spokane","WA","WHEAT",26.1414806348059
"328",2014,"Drought","Spokane","WA","WHEAT",109.77490481984
"329",2015,"Drought","Spokane","WA","WHEAT",110.059800230782
"330",2001,"Drought","Walla Walla","WA","WHEAT",54.3705529483418
"331",2002,"Drought","Walla Walla","WA","WHEAT",114.060815538933
"332",2003,"Drought","Walla Walla","WA","WHEAT",70.4798820259576
"333",2004,"Drought","Walla Walla","WA","WHEAT",42.791836136997
"334",2005,"Drought","Walla Walla","WA","WHEAT",77.0369913835413
"335",2006,"Drought","Walla Walla","WA","WHEAT",62.2210606310294
"336",2007,"Drought","Walla Walla","WA","WHEAT",63.5037302140078
"337",2008,"Drought","Walla Walla","WA","WHEAT",91.834107198869
"338",2009,"Drought","Walla Walla","WA","WHEAT",80.853896765844
"339",2010,"Drought","Walla Walla","WA","WHEAT",38.906319103403
"340",2012,"Drought","Walla Walla","WA","WHEAT",23.4124857551636
"341",2013,"Drought","Walla Walla","WA","WHEAT",116.585715733811
"342",2014,"Drought","Walla Walla","WA","WHEAT",148.303060193187
"343",2015,"Drought","Walla Walla","WA","WHEAT",164.83223698374
"344",2001,"Drought","Whitman","WA","WHEAT",86.9752722001953
"345",2002,"Drought","Whitman","WA","WHEAT",90.4889802342292
"346",2003,"Drought","Whitman","WA","WHEAT",82.571987687279
"347",2004,"Drought","Whitman","WA","WHEAT",39.6099208418937
"348",2005,"Drought","Whitman","WA","WHEAT",88.0327918966559
"349",2006,"Drought","Whitman","WA","WHEAT",32.3668965565628
"350",2007,"Drought","Whitman","WA","WHEAT",64.5757669793345
"351",2008,"Drought","Whitman","WA","WHEAT",119.836397057616
"352",2009,"Drought","Whitman","WA","WHEAT",83.2330793886733
"353",2010,"Drought","Whitman","WA","WHEAT",75.0712146869834
"354",2011,"Drought","Whitman","WA","WHEAT",14.6678001069765
"355",2012,"Drought","Whitman","WA","WHEAT",5.60886758275326
"356",2013,"Drought","Whitman","WA","WHEAT",61.2469127232949
"357",2014,"Drought","Whitman","WA","WHEAT",143.903580332448
"358",2015,"Drought","Whitman","WA","WHEAT",166.655946226958
"359",2001,"Drought","Yakima","WA","WHEAT",55.7358825567793
"360",2002,"Drought","Yakima","WA","WHEAT",29.8297252221704
"361",2005,"Drought","Yakima","WA","WHEAT",24.5182274465739
"362",2007,"Drought","Yakima","WA","WHEAT",17.1857227182675
"363",2008,"Drought","Yakima","WA","WHEAT",21.3457196581341
"364",2009,"Drought","Yakima","WA","WHEAT",36.6348625808847
"365",2010,"Drought","Yakima","WA","WHEAT",22.9396082958168
"366",2012,"Drought","Yakima","WA","WHEAT",28.5994816058773
"367",2013,"Drought","Yakima","WA","WHEAT",41.4296308913347
"368",2014,"Drought","Yakima","WA","WHEAT",63.2125646177474
"369",2015,"Drought","Yakima","WA","WHEAT",54.2468798107875
