"","year","damagecause","county","state","commodity","pct_acreage"
"11",2001,"Drought","Idaho","ID","WHEAT",0.0196672712053571
"39",2002,"Drought","Idaho","ID","WHEAT",0.83234656985497
"67",2003,"Drought","Idaho","ID","WHEAT",0.42674855813395
"115",2005,"Drought","Idaho","ID","WHEAT",0.180160602819973
"139",2006,"Drought","Idaho","ID","WHEAT",0.886706367084149
"163",2007,"Drought","Idaho","ID","WHEAT",0.543047722869899
"189",2008,"Drought","Idaho","ID","WHEAT",0.77572227705859
"216",2009,"Drought","Idaho","ID","WHEAT",0.0181400455117852
"242",2010,"Drought","Idaho","ID","WHEAT",0.0944036939286028
"272",2012,"Drought","Idaho","ID","WHEAT",0.0414742267802091
"297",2013,"Drought","Idaho","ID","WHEAT",0.266103317786956
"324",2014,"Drought","Idaho","ID","WHEAT",0.23447253876294
"352",2015,"Drought","Idaho","ID","WHEAT",0.755949398585545
