"","year","damagecause","county","state","commodity","(loss/acres)"
"14",2001,"Drought","Idaho","ID","WHEAT",19.620322752261
"15",2002,"Drought","Idaho","ID","WHEAT",96.6592876750035
"16",2003,"Drought","Idaho","ID","WHEAT",134.346858192056
"17",2005,"Drought","Idaho","ID","WHEAT",110.40753317712
"18",2006,"Drought","Idaho","ID","WHEAT",123.06246565865
"19",2007,"Drought","Idaho","ID","WHEAT",180.940738952113
"20",2008,"Drought","Idaho","ID","WHEAT",397.185363486211
"21",2009,"Drought","Idaho","ID","WHEAT",748.260618925426
"22",2010,"Drought","Idaho","ID","WHEAT",152.983817120453
"23",2012,"Drought","Idaho","ID","WHEAT",25.1460932576682
"24",2013,"Drought","Idaho","ID","WHEAT",431.591251073652
"25",2014,"Drought","Idaho","ID","WHEAT",647.430614484319
"26",2015,"Drought","Idaho","ID","WHEAT",683.43828909592
