"","year","damagecause","county","state","commodity","loss"
"14",1989,"Drought","Idaho","ID","WHEAT",6018
"15",1991,"Drought","Idaho","ID","WHEAT",354
"16",1992,"Drought","Idaho","ID","WHEAT",590064
"17",1994,"Drought","Idaho","ID","WHEAT",30973
"18",1996,"Drought","Idaho","ID","WHEAT",14577
"19",1999,"Drought","Idaho","ID","WHEAT",52615
"20",2000,"Drought","Idaho","ID","WHEAT",3838
"21",2001,"Drought","Idaho","ID","WHEAT",2100
"22",2002,"Drought","Idaho","ID","WHEAT",74426.6
"23",2003,"Drought","Idaho","ID","WHEAT",137434.85
"24",2005,"Drought","Idaho","ID","WHEAT",60057
"25",2006,"Drought","Idaho","ID","WHEAT",131123.8
"26",2007,"Drought","Idaho","ID","WHEAT",326197.5
"27",2008,"Drought","Idaho","ID","WHEAT",2689109.2
"28",2009,"Drought","Idaho","ID","WHEAT",218820.9
"29",2010,"Drought","Idaho","ID","WHEAT",30667.4
"30",2012,"Drought","Idaho","ID","WHEAT",3778.2
"31",2013,"Drought","Idaho","ID","WHEAT",367360.15
"32",2014,"Drought","Idaho","ID","WHEAT",146586.76
"33",2015,"Drought","Idaho","ID","WHEAT",6189447.1
