"","year","damagecause","county","state","commodity","cube_loss"
"14",1989,"Drought","Idaho","ID","WHEAT",28.2133944651801
"15",1991,"Drought","Idaho","ID","WHEAT",7.07404395510501
"16",1992,"Drought","Idaho","ID","WHEAT",177.733357245668
"17",1994,"Drought","Idaho","ID","WHEAT",62.7965772042265
"18",1996,"Drought","Idaho","ID","WHEAT",52.9736730653332
"19",1999,"Drought","Idaho","ID","WHEAT",94.8933488378839
"20",2000,"Drought","Idaho","ID","WHEAT",15.6567514344654
"21",2001,"Drought","Idaho","ID","WHEAT",12.8057916498749
"22",2002,"Drought","Idaho","ID","WHEAT",76.376317313279
"23",2003,"Drought","Idaho","ID","WHEAT",98.2741631569911
"24",2005,"Drought","Idaho","ID","WHEAT",65.0293349418219
"25",2006,"Drought","Idaho","ID","WHEAT",92.0049905216114
"26",2007,"Drought","Idaho","ID","WHEAT",157.028233378478
"27",2008,"Drought","Idaho","ID","WHEAT",273.214622513893
"28",2009,"Drought","Idaho","ID","WHEAT",136.034608956206
"29",2010,"Drought","Idaho","ID","WHEAT",70.6263192806238
"30",2012,"Drought","Idaho","ID","WHEAT",18.2263133302141
"31",2013,"Drought","Idaho","ID","WHEAT",171.20473795907
"32",2014,"Drought","Idaho","ID","WHEAT",142.127583303751
"33",2015,"Drought","Idaho","ID","WHEAT",394.093073323995
