"","year","damagecause","county","state","commodity","cube_acres"
"14",2001,"Drought","Idaho","ID","WHEAT",4.83144859795678
"15",2002,"Drought","Idaho","ID","WHEAT",23.8509398585746
"16",2003,"Drought","Idaho","ID","WHEAT",31.263599415881
"17",2005,"Drought","Idaho","ID","WHEAT",19.9082019998358
"18",2006,"Drought","Idaho","ID","WHEAT",28.7995389069585
"19",2007,"Drought","Idaho","ID","WHEAT",49.6798595852976
"20",2008,"Drought","Idaho","ID","WHEAT",58.3365876692043
"21",2009,"Drought","Idaho","ID","WHEAT",23.564451129394
"22",2010,"Drought","Idaho","ID","WHEAT",21.6485433312866
"23",2012,"Drought","Idaho","ID","WHEAT",7.74515145290694
"24",2013,"Drought","Idaho","ID","WHEAT",37.9778125973625
"25",2014,"Drought","Idaho","ID","WHEAT",31.3349580032582
"26",2015,"Drought","Idaho","ID","WHEAT",79.6353025851995
