"","year","damagecause","county","state","commodity","acres"
"14",2001,"Drought","Idaho","ID","WHEAT",112.78
"15",2002,"Drought","Idaho","ID","WHEAT",2217.03
"16",2003,"Drought","Idaho","ID","WHEAT",5189.0875
"17",2005,"Drought","Idaho","ID","WHEAT",1787.44
"18",2006,"Drought","Idaho","ID","WHEAT",4330
"19",2007,"Drought","Idaho","ID","WHEAT",7820.919
"20",2008,"Drought","Idaho","ID","WHEAT",24567.109
"21",2009,"Drought","Idaho","ID","WHEAT",1101.274
"22",2010,"Drought","Idaho","ID","WHEAT",891
"23",2012,"Drought","Idaho","ID","WHEAT",178.79
"24",2013,"Drought","Idaho","ID","WHEAT",3230.4996
"25",2014,"Drought","Idaho","ID","WHEAT",1420.399
"26",2015,"Drought","Idaho","ID","WHEAT",48669.829
