"","year","damagecause","county","state","commodity","loss"
"14",1989,"Drought","Idaho","ID","WHEAT",3.77945218340406
"15",1991,"Drought","Idaho","ID","WHEAT",2.54900326202579
"16",1992,"Drought","Idaho","ID","WHEAT",5.77089911899712
"17",1994,"Drought","Idaho","ID","WHEAT",4.49098327252973
"18",1996,"Drought","Idaho","ID","WHEAT",4.16366815378267
"19",1999,"Drought","Idaho","ID","WHEAT",4.72110957473441
"20",2000,"Drought","Idaho","ID","WHEAT",3.58410497039945
"21",2001,"Drought","Idaho","ID","WHEAT",3.32221929473392
"22",2002,"Drought","Idaho","ID","WHEAT",4.87172817974741
"23",2003,"Drought","Idaho","ID","WHEAT",5.13809687277874
"24",2005,"Drought","Idaho","ID","WHEAT",4.7785636342901
"25",2006,"Drought","Idaho","ID","WHEAT",5.11768152670581
"26",2007,"Drought","Idaho","ID","WHEAT",5.51348062825433
"27",2008,"Drought","Idaho","ID","WHEAT",6.42960843851727
"28",2009,"Drought","Idaho","ID","WHEAT",5.34008879993374
"29",2010,"Drought","Idaho","ID","WHEAT",4.48667695780455
"30",2012,"Drought","Idaho","ID","WHEAT",3.57728494368571
"31",2013,"Drought","Idaho","ID","WHEAT",5.56509204371243
"32",2014,"Drought","Idaho","ID","WHEAT",5.16609474575797
"33",2015,"Drought","Idaho","ID","WHEAT",6.79165185545894
