"","year","state","county","damagecause","commodity","acres","X","totalacres","cube_totalacres","pct_act"
"1",2007,NA,NA,NA,NA,NA,NA,NA,NA,NA
"2",2008,NA,NA,NA,NA,NA,NA,NA,NA,NA
"3",2009,NA,NA,NA,NA,NA,NA,NA,NA,NA
"4",2010,NA,NA,NA,NA,NA,NA,NA,NA,NA
"5",2011,NA,NA,NA,NA,NA,NA,NA,NA,NA
"6",2012,NA,NA,NA,NA,NA,NA,NA,NA,NA
"7",2013,"ID","Kootenai","Drought","WHEAT",93.73,182,36681,33.2261781241712,0.00255527384749598
"8",2014,"ID","Kootenai","Drought","WHEAT",2828.88,208,40228,34.2643749487223,0.0703211693347917
"9",2015,"ID","Kootenai","Drought","WHEAT",3836.955,234,28035,30.3785369046082,0.13686302835741
