"","year","damagecause","county","state","commodity","loss"
"52",1989,"Drought","Lewis","ID","WHEAT",111
"53",1991,"Drought","Lewis","ID","WHEAT",17594
"54",1992,"Drought","Lewis","ID","WHEAT",200454
"55",1994,"Drought","Lewis","ID","WHEAT",43376
"56",1996,"Drought","Lewis","ID","WHEAT",43247
"57",1997,"Drought","Lewis","ID","WHEAT",5706
"58",1999,"Drought","Lewis","ID","WHEAT",206055
"59",2000,"Drought","Lewis","ID","WHEAT",178568
"60",2001,"Drought","Lewis","ID","WHEAT",29187
"61",2002,"Drought","Lewis","ID","WHEAT",43171.6
"62",2003,"Drought","Lewis","ID","WHEAT",232871.85
"63",2005,"Drought","Lewis","ID","WHEAT",258379
"64",2006,"Drought","Lewis","ID","WHEAT",246406
"65",2007,"Drought","Lewis","ID","WHEAT",780720.95
"66",2008,"Drought","Lewis","ID","WHEAT",5074923
"67",2009,"Drought","Lewis","ID","WHEAT",740952.24
"68",2010,"Drought","Lewis","ID","WHEAT",12682
"69",2011,"Drought","Lewis","ID","WHEAT",13991
"70",2012,"Drought","Lewis","ID","WHEAT",5201
"71",2013,"Drought","Lewis","ID","WHEAT",275814
"72",2014,"Drought","Lewis","ID","WHEAT",427848.29
"73",2015,"Drought","Lewis","ID","WHEAT",3294638.55
