"","year","damagecause","county","state","commodity","pct_acreage"
"15",2001,"Drought","Lewis","ID","WHEAT",0.268082407669816
"43",2002,"Drought","Lewis","ID","WHEAT",0.677622492216214
"70",2003,"Drought","Lewis","ID","WHEAT",0.473451357299879
"118",2005,"Drought","Lewis","ID","WHEAT",0.504532979824816
"142",2006,"Drought","Lewis","ID","WHEAT",0.449209823317816
"166",2007,"Drought","Lewis","ID","WHEAT",0.267243702487353
"192",2008,"Drought","Lewis","ID","WHEAT",0.849654188394212
"219",2009,"Drought","Lewis","ID","WHEAT",0.0390384684314799
"245",2010,"Drought","Lewis","ID","WHEAT",0.0149881421787825
"259",2011,"Drought","Lewis","ID","WHEAT",0.0048725265270552
"275",2012,"Drought","Lewis","ID","WHEAT",0.0309762172033369
"301",2013,"Drought","Lewis","ID","WHEAT",0.158389699173925
"328",2014,"Drought","Lewis","ID","WHEAT",0.203940381301727
"356",2015,"Drought","Lewis","ID","WHEAT",0.583830982964272
