"","year","damagecause","county","state","commodity","cube_loss"
"39",2001,"Drought","Latah","ID","WHEAT",25.9871038399725
"40",2002,"Drought","Latah","ID","WHEAT",22.1833167409233
"41",2003,"Drought","Latah","ID","WHEAT",117.287405801848
"42",2005,"Drought","Latah","ID","WHEAT",43.2927780323626
"43",2006,"Drought","Latah","ID","WHEAT",40.3385027718848
"44",2007,"Drought","Latah","ID","WHEAT",100.926189708235
"45",2008,"Drought","Latah","ID","WHEAT",218.741359749981
"46",2009,"Drought","Latah","ID","WHEAT",231.635666700341
"47",2010,"Drought","Latah","ID","WHEAT",95.736796327083
"48",2012,"Drought","Latah","ID","WHEAT",89.4539955455237
"49",2013,"Drought","Latah","ID","WHEAT",167.713942657345
"50",2014,"Drought","Latah","ID","WHEAT",246.328140540126
"51",2015,"Drought","Latah","ID","WHEAT",366.168751246461
