"","year","damagecause","county","state","commodity","acres"
"45",2001,"Drought","Lewis","ID","WHEAT",775.675
"46",2002,"Drought","Lewis","ID","WHEAT",1157.84
"47",2003,"Drought","Lewis","ID","WHEAT",7154.617
"48",2005,"Drought","Lewis","ID","WHEAT",4605.15
"49",2006,"Drought","Lewis","ID","WHEAT",6793.49
"50",2007,"Drought","Lewis","ID","WHEAT",9523.999
"51",2008,"Drought","Lewis","ID","WHEAT",34877.527
"52",2009,"Drought","Lewis","ID","WHEAT",2875.305
"53",2010,"Drought","Lewis","ID","WHEAT",208.4
"54",2011,"Drought","Lewis","ID","WHEAT",153.7
"55",2012,"Drought","Lewis","ID","WHEAT",189.3
"56",2013,"Drought","Lewis","ID","WHEAT",2425.29
"57",2014,"Drought","Lewis","ID","WHEAT",3896.2973
"58",2015,"Drought","Lewis","ID","WHEAT",29534.725
