"","year","damagecause","county","state","commodity","cube_loss"
"52",1989,"Drought","Lewis","ID","WHEAT",4.80589553370533
"53",1991,"Drought","Lewis","ID","WHEAT",26.0088727114156
"54",1992,"Drought","Lewis","ID","WHEAT",103.216222823073
"55",1994,"Drought","Lewis","ID","WHEAT",96.7483116729421
"56",1996,"Drought","Lewis","ID","WHEAT",82.805554438159
"57",1997,"Drought","Lewis","ID","WHEAT",17.8694254545418
"58",1999,"Drought","Lewis","ID","WHEAT",120.598591407089
"59",2000,"Drought","Lewis","ID","WHEAT",112.405563026354
"60",2001,"Drought","Lewis","ID","WHEAT",48.6082786722033
"61",2002,"Drought","Lewis","ID","WHEAT",86.2509992076168
"62",2003,"Drought","Lewis","ID","WHEAT",152.887603426974
"63",2005,"Drought","Lewis","ID","WHEAT",101.10189334406
"64",2006,"Drought","Lewis","ID","WHEAT",99.4324472268959
"65",2007,"Drought","Lewis","ID","WHEAT",187.292717713241
"66",2008,"Drought","Lewis","ID","WHEAT",387.016772748743
"67",2009,"Drought","Lewis","ID","WHEAT",208.777750314974
"68",2010,"Drought","Lewis","ID","WHEAT",36.3664883082842
"69",2011,"Drought","Lewis","ID","WHEAT",24.0962569440928
"70",2012,"Drought","Lewis","ID","WHEAT",17.3258925985913
"71",2013,"Drought","Lewis","ID","WHEAT",101.755389206733
"72",2014,"Drought","Lewis","ID","WHEAT",177.501711669134
"73",2015,"Drought","Lewis","ID","WHEAT",321.659209685605
