"","year","damagecause","county","state","commodity","loss"
"39",2001,"Drought","Latah","ID","WHEAT",2394
"40",2002,"Drought","Latah","ID","WHEAT",10916.4
"41",2003,"Drought","Latah","ID","WHEAT",129225.4
"42",2005,"Drought","Latah","ID","WHEAT",29436.5
"43",2006,"Drought","Latah","ID","WHEAT",21018
"44",2007,"Drought","Latah","ID","WHEAT",82120.2
"45",2008,"Drought","Latah","ID","WHEAT",427470.7
"46",2009,"Drought","Latah","ID","WHEAT",758449
"47",2010,"Drought","Latah","ID","WHEAT",83834.6
"48",2012,"Drought","Latah","ID","WHEAT",91042.1
"49",2013,"Drought","Latah","ID","WHEAT",244739.47
"50",2014,"Drought","Latah","ID","WHEAT",1308992.59
"51",2015,"Drought","Latah","ID","WHEAT",2223250.81
