"","year","damagecause","county","state","commodity","(loss/acres)"
"32",2001,"Drought","Latah","ID","WHEAT",76.5005927808085
"33",2002,"Drought","Latah","ID","WHEAT",42.2032913112403
"34",2003,"Drought","Latah","ID","WHEAT",87.0317216154449
"35",2005,"Drought","Latah","ID","WHEAT",119.608372280265
"36",2006,"Drought","Latah","ID","WHEAT",25.3689947954033
"37",2007,"Drought","Latah","ID","WHEAT",147.290087651893
"38",2008,"Drought","Latah","ID","WHEAT",406.05093929135
"39",2009,"Drought","Latah","ID","WHEAT",1265.74248514736
"40",2010,"Drought","Latah","ID","WHEAT",187.822817597354
"41",2012,"Drought","Latah","ID","WHEAT",290.339883825387
"42",2013,"Drought","Latah","ID","WHEAT",396.615501155608
"43",2014,"Drought","Latah","ID","WHEAT",292.315410258653
"44",2015,"Drought","Latah","ID","WHEAT",539.81143520663
