"","year","damagecause","county","state","commodity","loss"
"52",1989,"Drought","Lewis","ID","WHEAT",2.04532297878666
"53",1991,"Drought","Lewis","ID","WHEAT",4.24536458763476
"54",1992,"Drought","Lewis","ID","WHEAT",5.30201472689033
"55",1994,"Drought","Lewis","ID","WHEAT",4.63724950023641
"56",1996,"Drought","Lewis","ID","WHEAT",4.63595598628327
"57",1997,"Drought","Lewis","ID","WHEAT",3.75633176732106
"58",1999,"Drought","Lewis","ID","WHEAT",5.31398315730304
"59",2000,"Drought","Lewis","ID","WHEAT",5.2518036344597
"60",2001,"Drought","Lewis","ID","WHEAT",4.4651894581123
"61",2002,"Drought","Lewis","ID","WHEAT",4.63519814451669
"62",2003,"Drought","Lewis","ID","WHEAT",5.36711699334984
"63",2005,"Drought","Lewis","ID","WHEAT",5.41225721305859
"64",2006,"Drought","Lewis","ID","WHEAT",5.39165127871628
"65",2007,"Drought","Lewis","ID","WHEAT",5.89249583345374
"66",2008,"Drought","Lewis","ID","WHEAT",6.70542945723968
"67",2009,"Drought","Lewis","ID","WHEAT",5.86979021530331
"68",2010,"Drought","Lewis","ID","WHEAT",4.10318774885094
"69",2011,"Drought","Lewis","ID","WHEAT",4.14584875659054
"70",2012,"Drought","Lewis","ID","WHEAT",3.71608685377483
"71",2013,"Drought","Lewis","ID","WHEAT",5.44061630668549
"72",2014,"Drought","Lewis","ID","WHEAT",5.631289800565
"73",2015,"Drought","Lewis","ID","WHEAT",6.51780777572792
