"","year","damagecause","county","state","commodity","loss"
"39",2001,"Drought","Latah","ID","WHEAT",3.37912414607039
"40",2002,"Drought","Latah","ID","WHEAT",4.0380794407584
"41",2003,"Drought","Latah","ID","WHEAT",5.11134788514249
"42",2005,"Drought","Latah","ID","WHEAT",4.46888617111896
"43",2006,"Drought","Latah","ID","WHEAT",4.32259138770134
"44",2007,"Drought","Latah","ID","WHEAT",4.91444999840424
"45",2008,"Drought","Latah","ID","WHEAT",5.63090635236382
"46",2009,"Drought","Latah","ID","WHEAT",5.87992638306179
"47",2010,"Drought","Latah","ID","WHEAT",4.92342329652741
"48",2012,"Drought","Latah","ID","WHEAT",4.95924226671239
"49",2013,"Drought","Latah","ID","WHEAT",5.38870401520746
"50",2014,"Drought","Latah","ID","WHEAT",6.11693718808535
"51",2015,"Drought","Latah","ID","WHEAT",6.34698845921483
