"","year","damagecause","county","state","commodity","(loss/acres)"
"45",2001,"Drought","Lewis","ID","WHEAT",80.1396311902795
"46",2002,"Drought","Lewis","ID","WHEAT",305.12812830244
"47",2003,"Drought","Lewis","ID","WHEAT",248.924359575605
"48",2005,"Drought","Lewis","ID","WHEAT",114.541755532926
"49",2006,"Drought","Lewis","ID","WHEAT",77.1914644146705
"50",2007,"Drought","Lewis","ID","WHEAT",251.564148281934
"51",2008,"Drought","Lewis","ID","WHEAT",526.584331287769
"52",2009,"Drought","Lewis","ID","WHEAT",1020.34539987624
"53",2010,"Drought","Lewis","ID","WHEAT",135.67235930278
"54",2011,"Drought","Lewis","ID","WHEAT",92.0279765777489
"55",2012,"Drought","Lewis","ID","WHEAT",28.4749075541469
"56",2013,"Drought","Lewis","ID","WHEAT",242.747266817975
"57",2014,"Drought","Lewis","ID","WHEAT",454.844345002956
"58",2015,"Drought","Lewis","ID","WHEAT",529.080794316527
