"","year","damagecause","county","state","commodity","cube_acres"
"32",2001,"Drought","Latah","ID","WHEAT",9.39423655776113
"33",2002,"Drought","Latah","ID","WHEAT",6.42267348530831
"34",2003,"Drought","Latah","ID","WHEAT",44.0157013123133
"35",2005,"Drought","Latah","ID","WHEAT",12.2157588161301
"36",2006,"Drought","Latah","ID","WHEAT",18.6404274864574
"37",2007,"Drought","Latah","ID","WHEAT",32.7263943095808
"38",2008,"Drought","Latah","ID","WHEAT",53.480483568661
"39",2009,"Drought","Latah","ID","WHEAT",36.6751676170238
"40",2010,"Drought","Latah","ID","WHEAT",29.3781440446816
"41",2012,"Drought","Latah","ID","WHEAT",20.1819479185528
"42",2013,"Drought","Latah","ID","WHEAT",40.9238889959175
"43",2014,"Drought","Latah","ID","WHEAT",58.1714319709319
"44",2015,"Drought","Latah","ID","WHEAT",85.0609986137862
