"","year","damagecause","county","state","commodity","acres"
"32",2001,"Drought","Latah","ID","WHEAT",106.48
"33",2002,"Drought","Latah","ID","WHEAT",264.94
"34",2003,"Drought","Latah","ID","WHEAT",5496.803
"35",2005,"Drought","Latah","ID","WHEAT",802.782
"36",2006,"Drought","Latah","ID","WHEAT",1623.6
"37",2007,"Drought","Latah","ID","WHEAT",2167.326
"38",2008,"Drought","Latah","ID","WHEAT",5793.405
"39",2009,"Drought","Latah","ID","WHEAT",3090.1377
"40",2010,"Drought","Latah","ID","WHEAT",1896.236
"41",2012,"Drought","Latah","ID","WHEAT",926.46
"42",2013,"Drought","Latah","ID","WHEAT",2604.8299
"43",2014,"Drought","Latah","ID","WHEAT",16604.0872
"44",2015,"Drought","Latah","ID","WHEAT",26574.8188
