"","year","damagecause","county","state","commodity","pct_acreage"
"14",2001,"Drought","Latah","ID","WHEAT",1
"42",2002,"Drought","Latah","ID","WHEAT",0.685201468990845
"69",2003,"Drought","Latah","ID","WHEAT",0.91970535579835
"117",2005,"Drought","Latah","ID","WHEAT",0.614160903360059
"141",2006,"Drought","Latah","ID","WHEAT",0.280261066048467
"165",2007,"Drought","Latah","ID","WHEAT",0.497481063214433
"191",2008,"Drought","Latah","ID","WHEAT",0.598347301196146
"218",2009,"Drought","Latah","ID","WHEAT",0.0436306168968653
"244",2010,"Drought","Latah","ID","WHEAT",0.124368691009289
"274",2012,"Drought","Latah","ID","WHEAT",0.0801020924278856
"300",2013,"Drought","Latah","ID","WHEAT",0.199374047075248
"327",2014,"Drought","Latah","ID","WHEAT",0.441297465141564
"355",2015,"Drought","Latah","ID","WHEAT",0.555964984281094
