"","year","damagecause","county","state","commodity","cube_acres"
"45",2001,"Drought","Lewis","ID","WHEAT",14.3779979130919
"46",2002,"Drought","Lewis","ID","WHEAT",23.8681624061761
"47",2003,"Drought","Lewis","ID","WHEAT",45.1117489213343
"48",2005,"Drought","Lewis","ID","WHEAT",26.3803172671274
"49",2006,"Drought","Lewis","ID","WHEAT",29.8237679734711
"50",2007,"Drought","Lewis","ID","WHEAT",48.3570646571634
"51",2008,"Drought","Lewis","ID","WHEAT",78.3049355990926
"52",2009,"Drought","Lewis","ID","WHEAT",32.8469223459476
"53",2010,"Drought","Lewis","ID","WHEAT",9.07998898664784
"54",2011,"Drought","Lewis","ID","WHEAT",5.35662555851561
"55",2012,"Drought","Lewis","ID","WHEAT",5.74182834187504
"56",2013,"Drought","Lewis","ID","WHEAT",20.764344378268
"57",2014,"Drought","Lewis","ID","WHEAT",41.4702937790055
"58",2015,"Drought","Lewis","ID","WHEAT",65.1940588969075
