"","year","damagecause","county","state","commodity","pct_acreage"
"18",2001,"Drought","Nez Perce","ID","WHEAT",0.948793598973518
"46",2002,"Drought","Nez Perce","ID","WHEAT",0.97754674123082
"73",2003,"Drought","Nez Perce","ID","WHEAT",0.942073631601075
"95",2004,"Drought","Nez Perce","ID","WHEAT",0.0606832582141224
"121",2005,"Drought","Nez Perce","ID","WHEAT",0.510041370094547
"145",2006,"Drought","Nez Perce","ID","WHEAT",0.332404091851994
"169",2007,"Drought","Nez Perce","ID","WHEAT",0.860980372394461
"195",2008,"Drought","Nez Perce","ID","WHEAT",0.857957435140178
"222",2009,"Drought","Nez Perce","ID","WHEAT",0.183823101624516
"261",2011,"Drought","Nez Perce","ID","WHEAT",0.0221072537370173
"278",2012,"Drought","Nez Perce","ID","WHEAT",0.0115266086528646
"304",2013,"Drought","Nez Perce","ID","WHEAT",0.242585978364665
"331",2014,"Drought","Nez Perce","ID","WHEAT",0.33420629360002
"359",2015,"Drought","Nez Perce","ID","WHEAT",0.585660041834299
