"","year","damagecause","county","state","commodity","cube_loss"
"74",1990,"Drought","Nez Perce","ID","WHEAT",11.7783381192474
"75",1991,"Drought","Nez Perce","ID","WHEAT",75.6244207807115
"76",1992,"Drought","Nez Perce","ID","WHEAT",230.797633983452
"77",1994,"Drought","Nez Perce","ID","WHEAT",139.72289221574
"78",1996,"Drought","Nez Perce","ID","WHEAT",64.0307597894947
"79",1997,"Drought","Nez Perce","ID","WHEAT",17.275778861496
"80",1999,"Drought","Nez Perce","ID","WHEAT",26.539182534889
"81",2000,"Drought","Nez Perce","ID","WHEAT",30.4566640761162
"82",2001,"Drought","Nez Perce","ID","WHEAT",176.656626991375
"83",2002,"Drought","Nez Perce","ID","WHEAT",127.315496289393
"84",2003,"Drought","Nez Perce","ID","WHEAT",106.133825082454
"85",2004,"Drought","Nez Perce","ID","WHEAT",15.1757114400561
"86",2005,"Drought","Nez Perce","ID","WHEAT",49.8684511253689
"87",2006,"Drought","Nez Perce","ID","WHEAT",86.3995923985724
"88",2007,"Drought","Nez Perce","ID","WHEAT",190.354968771523
"89",2008,"Drought","Nez Perce","ID","WHEAT",463.81900344985
"90",2009,"Drought","Nez Perce","ID","WHEAT",394.557763965917
"91",2011,"Drought","Nez Perce","ID","WHEAT",85.218126821842
"92",2012,"Drought","Nez Perce","ID","WHEAT",24.8116462621954
"93",2013,"Drought","Nez Perce","ID","WHEAT",246.164112798472
"94",2014,"Drought","Nez Perce","ID","WHEAT",217.33168475925
"95",2015,"Drought","Nez Perce","ID","WHEAT",231.724265530313
