"","year","damagecause","county","state","commodity","(loss/acres)"
"59",2001,"Drought","Nez Perce","ID","WHEAT",137.686344282926
"60",2002,"Drought","Nez Perce","ID","WHEAT",125.152768481307
"61",2003,"Drought","Nez Perce","ID","WHEAT",95.6447671030798
"62",2004,"Drought","Nez Perce","ID","WHEAT",63.7018299246502
"63",2005,"Drought","Nez Perce","ID","WHEAT",46.691306221281
"64",2006,"Drought","Nez Perce","ID","WHEAT",104.027039080255
"65",2007,"Drought","Nez Perce","ID","WHEAT",229.540873056498
"66",2008,"Drought","Nez Perce","ID","WHEAT",815.836752660736
"67",2009,"Drought","Nez Perce","ID","WHEAT",1402.24728046667
"68",2011,"Drought","Nez Perce","ID","WHEAT",479.265013028372
"69",2012,"Drought","Nez Perce","ID","WHEAT",234.988433441558
"70",2013,"Drought","Nez Perce","ID","WHEAT",528.468893562845
"71",2014,"Drought","Nez Perce","ID","WHEAT",553.418846357931
"72",2015,"Drought","Nez Perce","ID","WHEAT",271.4410632986
