"","year","damagecause","county","state","commodity","acres"
"59",2001,"Drought","Nez Perce","ID","WHEAT",14670.74
"60",2002,"Drought","Nez Perce","ID","WHEAT",4583.3061
"61",2003,"Drought","Nez Perce","ID","WHEAT",7977.065
"62",2004,"Drought","Nez Perce","ID","WHEAT",55.74
"63",2005,"Drought","Nez Perce","ID","WHEAT",1671.7779
"64",2006,"Drought","Nez Perce","ID","WHEAT",2709.695
"65",2007,"Drought","Nez Perce","ID","WHEAT",11874.03
"66",2008,"Drought","Nez Perce","ID","WHEAT",35044.7207
"67",2009,"Drought","Nez Perce","ID","WHEAT",14591.0745
"68",2011,"Drought","Nez Perce","ID","WHEAT",453.59
"69",2012,"Drought","Nez Perce","ID","WHEAT",144.3
"70",2013,"Drought","Nez Perce","ID","WHEAT",6808.224
"71",2014,"Drought","Nez Perce","ID","WHEAT",10465.7017
"72",2015,"Drought","Nez Perce","ID","WHEAT",21379.5046
