"","year","damagecause","county","state","commodity","cube_acres"
"59",2001,"Drought","Nez Perce","ID","WHEAT",55.4283562663559
"60",2002,"Drought","Nez Perce","ID","WHEAT",42.7101340366961
"61",2003,"Drought","Nez Perce","ID","WHEAT",33.3281652796294
"62",2004,"Drought","Nez Perce","ID","WHEAT",3.81993220094757
"63",2005,"Drought","Nez Perce","ID","WHEAT",17.1029260578413
"64",2006,"Drought","Nez Perce","ID","WHEAT",27.9028343058684
"65",2007,"Drought","Nez Perce","ID","WHEAT",55.1199626247748
"66",2008,"Drought","Nez Perce","ID","WHEAT",93.4844453498465
"67",2009,"Drought","Nez Perce","ID","WHEAT",60.5764216433556
"68",2011,"Drought","Nez Perce","ID","WHEAT",17.293445106056
"69",2012,"Drought","Nez Perce","ID","WHEAT",6.72066027334338
"70",2013,"Drought","Nez Perce","ID","WHEAT",55.5191008795099
"71",2014,"Drought","Nez Perce","ID","WHEAT",50.1914343808724
"72",2015,"Drought","Nez Perce","ID","WHEAT",58.9508162828116
