"","year","damagecause","county","state","commodity","pct_acreage"
"9",2001,"Drought","Gilliam","OR","WHEAT",0.947243830337754
"37",2002,"Drought","Gilliam","OR","WHEAT",0.960202229260901
"65",2003,"Drought","Gilliam","OR","WHEAT",0.922776463667363
"90",2004,"Drought","Gilliam","OR","WHEAT",0.853531400707772
"113",2005,"Drought","Gilliam","OR","WHEAT",0.899082046980407
"137",2006,"Drought","Gilliam","OR","WHEAT",0.0921004952740557
"161",2007,"Drought","Gilliam","OR","WHEAT",0.346094559583143
"187",2008,"Drought","Gilliam","OR","WHEAT",0.913725160055307
"214",2009,"Drought","Gilliam","OR","WHEAT",0.584108069565833
"240",2010,"Drought","Gilliam","OR","WHEAT",0.41695053874862
"270",2012,"Drought","Gilliam","OR","WHEAT",0.229355903394305
"295",2013,"Drought","Gilliam","OR","WHEAT",0.323721767898173
"322",2014,"Drought","Gilliam","OR","WHEAT",0.917549366556464
"350",2015,"Drought","Gilliam","OR","WHEAT",0.669484966965073
