"","year","damagecause","county","state","commodity","loss"
"96",1989,"Drought","Gilliam","OR","WHEAT",209824
"97",1990,"Drought","Gilliam","OR","WHEAT",642006
"98",1991,"Drought","Gilliam","OR","WHEAT",287321
"99",1992,"Drought","Gilliam","OR","WHEAT",570735
"100",1994,"Drought","Gilliam","OR","WHEAT",14043
"101",1995,"Drought","Gilliam","OR","WHEAT",1035
"102",1996,"Drought","Gilliam","OR","WHEAT",10679
"103",1999,"Drought","Gilliam","OR","WHEAT",1146934
"104",2000,"Drought","Gilliam","OR","WHEAT",1360265
"105",2001,"Drought","Gilliam","OR","WHEAT",2975324.51
"106",2002,"Drought","Gilliam","OR","WHEAT",6590697.08
"107",2003,"Drought","Gilliam","OR","WHEAT",4887223.28
"108",2004,"Drought","Gilliam","OR","WHEAT",356581
"109",2005,"Drought","Gilliam","OR","WHEAT",914619.5
"110",2006,"Drought","Gilliam","OR","WHEAT",44336.29
"111",2007,"Drought","Gilliam","OR","WHEAT",296264.5
"112",2008,"Drought","Gilliam","OR","WHEAT",5001733.3
"113",2009,"Drought","Gilliam","OR","WHEAT",9350251.06
"114",2010,"Drought","Gilliam","OR","WHEAT",109484.6
"115",2012,"Drought","Gilliam","OR","WHEAT",68576.56
"116",2013,"Drought","Gilliam","OR","WHEAT",2074223
"117",2014,"Drought","Gilliam","OR","WHEAT",3255837.46
"118",2015,"Drought","Gilliam","OR","WHEAT",3039108.91
