"","year","damagecause","county","state","commodity","cube_acres"
"73",2001,"Drought","Gilliam","OR","WHEAT",123.407493581269
"74",2002,"Drought","Gilliam","OR","WHEAT",110.870706026224
"75",2003,"Drought","Gilliam","OR","WHEAT",131.156651280238
"76",2004,"Drought","Gilliam","OR","WHEAT",53.9906763785013
"77",2005,"Drought","Gilliam","OR","WHEAT",89.6848967647271
"78",2006,"Drought","Gilliam","OR","WHEAT",23.8213512903793
"79",2007,"Drought","Gilliam","OR","WHEAT",36.2798592139628
"80",2008,"Drought","Gilliam","OR","WHEAT",122.023011808344
"81",2009,"Drought","Gilliam","OR","WHEAT",95.6378336882514
"82",2010,"Drought","Gilliam","OR","WHEAT",26.8856070501329
"83",2012,"Drought","Gilliam","OR","WHEAT",35.1332931012844
"84",2013,"Drought","Gilliam","OR","WHEAT",90.736028727576
"85",2014,"Drought","Gilliam","OR","WHEAT",97.5166874284091
"86",2015,"Drought","Gilliam","OR","WHEAT",96.0238593449657
