"","year","damagecause","county","state","commodity","cube_loss"
"96",1989,"Drought","Gilliam","OR","WHEAT",142.57448928904
"97",1990,"Drought","Gilliam","OR","WHEAT",287.029241507731
"98",1991,"Drought","Gilliam","OR","WHEAT",207.036443555043
"99",1992,"Drought","Gilliam","OR","WHEAT",248.680240960667
"100",1994,"Drought","Gilliam","OR","WHEAT",52.9074756127611
"101",1995,"Drought","Gilliam","OR","WHEAT",10.1153314194944
"102",1996,"Drought","Gilliam","OR","WHEAT",22.0213291767679
"103",1999,"Drought","Gilliam","OR","WHEAT",290.725027913131
"104",2000,"Drought","Gilliam","OR","WHEAT",343.077437277105
"105",2001,"Drought","Gilliam","OR","WHEAT",417.257705498921
"106",2002,"Drought","Gilliam","OR","WHEAT",415.077850629726
"107",2003,"Drought","Gilliam","OR","WHEAT",475.740376930911
"108",2004,"Drought","Gilliam","OR","WHEAT",154.811009752566
"109",2005,"Drought","Gilliam","OR","WHEAT",315.597650103306
"110",2006,"Drought","Gilliam","OR","WHEAT",68.8466476332705
"111",2007,"Drought","Gilliam","OR","WHEAT",132.84238352904
"112",2008,"Drought","Gilliam","OR","WHEAT",483.009254627207
"113",2009,"Drought","Gilliam","OR","WHEAT",504.324791568026
"114",2010,"Drought","Gilliam","OR","WHEAT",84.3244428671725
"115",2012,"Drought","Gilliam","OR","WHEAT",105.29272352245
"116",2013,"Drought","Gilliam","OR","WHEAT",390.435750639193
"117",2014,"Drought","Gilliam","OR","WHEAT",368.072948049879
"118",2015,"Drought","Gilliam","OR","WHEAT",372.158131631962
