"","year","damagecause","county","state","commodity","loss"
"96",1989,"Drought","Gilliam","OR","WHEAT",5.32185516198642
"97",1990,"Drought","Gilliam","OR","WHEAT",5.80753908687682
"98",1991,"Drought","Gilliam","OR","WHEAT",5.45836736929449
"99",1992,"Drought","Gilliam","OR","WHEAT",5.75643450622827
"100",1994,"Drought","Gilliam","OR","WHEAT",4.1474598958471
"101",1995,"Drought","Gilliam","OR","WHEAT",3.01494034979294
"102",1996,"Drought","Gilliam","OR","WHEAT",4.02853058651133
"103",1999,"Drought","Gilliam","OR","WHEAT",6.05953842726438
"104",2000,"Drought","Gilliam","OR","WHEAT",6.13362352368385
"105",2001,"Drought","Gilliam","OR","WHEAT",6.47353433988523
"106",2002,"Drought","Gilliam","OR","WHEAT",6.8189313511626
"107",2003,"Drought","Gilliam","OR","WHEAT",6.68906218086504
"108",2004,"Drought","Gilliam","OR","WHEAT",5.55215819858417
"109",2005,"Drought","Gilliam","OR","WHEAT",5.96124045645
"110",2006,"Drought","Gilliam","OR","WHEAT",4.64675934913167
"111",2007,"Drought","Gilliam","OR","WHEAT",5.47167961510553
"112",2008,"Drought","Gilliam","OR","WHEAT",6.69912053077188
"113",2009,"Drought","Gilliam","OR","WHEAT",6.97082327210341
"114",2010,"Drought","Gilliam","OR","WHEAT",5.03935303602205
"115",2012,"Drought","Gilliam","OR","WHEAT",4.83617569584909
"116",2013,"Drought","Gilliam","OR","WHEAT",6.31685544562256
"117",2014,"Drought","Gilliam","OR","WHEAT",6.51266271563145
"118",2015,"Drought","Gilliam","OR","WHEAT",6.48274626380634
