"","year","damagecause","county","state","commodity","acres"
"73",2001,"Drought","Gilliam","OR","WHEAT",59248.3669
"74",2002,"Drought","Gilliam","OR","WHEAT",96201.9508
"75",2003,"Drought","Gilliam","OR","WHEAT",90760.1497
"76",2004,"Drought","Gilliam","OR","WHEAT",12126.94
"77",2005,"Drought","Gilliam","OR","WHEAT",18399.216
"78",2006,"Drought","Gilliam","OR","WHEAT",1502.5459
"79",2007,"Drought","Gilliam","OR","WHEAT",4770.936
"80",2008,"Drought","Gilliam","OR","WHEAT",69354.892
"81",2009,"Drought","Gilliam","OR","WHEAT",64078.6044
"82",2010,"Drought","Gilliam","OR","WHEAT",3227.07
"83",2012,"Drought","Gilliam","OR","WHEAT",2086.1135
"84",2013,"Drought","Gilliam","OR","WHEAT",23665.1188
"85",2014,"Drought","Gilliam","OR","WHEAT",56880.2544
"86",2015,"Drought","Gilliam","OR","WHEAT",53417.054
