"","year","damagecause","county","state","commodity","(loss/acres)"
"73",2001,"Drought","Gilliam","OR","WHEAT",247.508495962675
"74",2002,"Drought","Gilliam","OR","WHEAT",281.769589932752
"75",2003,"Drought","Gilliam","OR","WHEAT",306.824077654608
"76",2004,"Drought","Gilliam","OR","WHEAT",93.8498074883164
"77",2005,"Drought","Gilliam","OR","WHEAT",311.652162284441
"78",2006,"Drought","Gilliam","OR","WHEAT",87.690009174125
"79",2007,"Drought","Gilliam","OR","WHEAT",169.325533734116
"80",2008,"Drought","Gilliam","OR","WHEAT",460.196672979981
"81",2009,"Drought","Gilliam","OR","WHEAT",851.927317815382
"82",2010,"Drought","Gilliam","OR","WHEAT",123.673368877131
"83",2012,"Drought","Gilliam","OR","WHEAT",154.12284581708
"84",2013,"Drought","Gilliam","OR","WHEAT",476.366484616443
"85",2014,"Drought","Gilliam","OR","WHEAT",250.83032354232
"86",2015,"Drought","Gilliam","OR","WHEAT",349.043850922937
