"","year","damagecause","county","state","commodity","(loss/acres)"
"87",2001,"Drought","Morrow","OR","WHEAT",440.131447757371
"88",2002,"Drought","Morrow","OR","WHEAT",583.755736866135
"89",2003,"Drought","Morrow","OR","WHEAT",499.477317267034
"90",2004,"Drought","Morrow","OR","WHEAT",306.749879591297
"91",2005,"Drought","Morrow","OR","WHEAT",434.492160219385
"92",2006,"Drought","Morrow","OR","WHEAT",233.127526006467
"93",2007,"Drought","Morrow","OR","WHEAT",231.79075034078
"94",2008,"Drought","Morrow","OR","WHEAT",407.706462525829
"95",2009,"Drought","Morrow","OR","WHEAT",1174.98827380493
"96",2010,"Drought","Morrow","OR","WHEAT",77.1843666134655
"97",2012,"Drought","Morrow","OR","WHEAT",207.933238202299
"98",2013,"Drought","Morrow","OR","WHEAT",714.054875153922
"99",2014,"Drought","Morrow","OR","WHEAT",357.625052805234
"100",2015,"Drought","Morrow","OR","WHEAT",573.685649935868
