"","year","damagecause","county","state","commodity","acres"
"87",2001,"Drought","Morrow","OR","WHEAT",118812.792
"88",2002,"Drought","Morrow","OR","WHEAT",164242.9663
"89",2003,"Drought","Morrow","OR","WHEAT",154329.144
"90",2004,"Drought","Morrow","OR","WHEAT",37388.7566
"91",2005,"Drought","Morrow","OR","WHEAT",51813.9086
"92",2006,"Drought","Morrow","OR","WHEAT",12575.1476
"93",2007,"Drought","Morrow","OR","WHEAT",22748.339
"94",2008,"Drought","Morrow","OR","WHEAT",84486.2755
"95",2009,"Drought","Morrow","OR","WHEAT",88155.5553
"96",2010,"Drought","Morrow","OR","WHEAT",1373.748
"97",2012,"Drought","Morrow","OR","WHEAT",4338.2244
"98",2013,"Drought","Morrow","OR","WHEAT",33239.5972
"99",2014,"Drought","Morrow","OR","WHEAT",86568.3236
"100",2015,"Drought","Morrow","OR","WHEAT",75580.6977
