"","year","damagecause","county","state","commodity","loss"
"119",1989,"Drought","Morrow","OR","WHEAT",5.09879596173904
"120",1990,"Drought","Morrow","OR","WHEAT",5.85519679803585
"121",1991,"Drought","Morrow","OR","WHEAT",6.08669040939553
"122",1992,"Drought","Morrow","OR","WHEAT",6.21992124890365
"123",1994,"Drought","Morrow","OR","WHEAT",4.45921149401546
"124",1999,"Drought","Morrow","OR","WHEAT",6.55882528648652
"125",2000,"Drought","Morrow","OR","WHEAT",6.35982637912871
"126",2001,"Drought","Morrow","OR","WHEAT",6.88332843982189
"127",2002,"Drought","Morrow","OR","WHEAT",7.19590535103466
"128",2003,"Drought","Morrow","OR","WHEAT",7.12384739922809
"129",2004,"Drought","Morrow","OR","WHEAT",6.0268662892917
"130",2005,"Drought","Morrow","OR","WHEAT",6.4398133796383
"131",2006,"Drought","Morrow","OR","WHEAT",5.66698856063516
"132",2007,"Drought","Morrow","OR","WHEAT",6.19250776858817
"133",2008,"Drought","Morrow","OR","WHEAT",6.82598178241846
"134",2009,"Drought","Morrow","OR","WHEAT",7.14810701635919
"135",2010,"Drought","Morrow","OR","WHEAT",4.51214519501363
"136",2012,"Drought","Morrow","OR","WHEAT",5.43207190685044
"137",2013,"Drought","Morrow","OR","WHEAT",6.58023395498164
"138",2014,"Drought","Morrow","OR","WHEAT",6.7896333410955
"139",2015,"Drought","Morrow","OR","WHEAT",6.82774910682057
