"","year","damagecause","county","state","commodity","cube_acres"
"87",2001,"Drought","Morrow","OR","WHEAT",170.623183560395
"88",2002,"Drought","Morrow","OR","WHEAT",141.231090574968
"89",2003,"Drought","Morrow","OR","WHEAT",151.473849536152
"90",2004,"Drought","Morrow","OR","WHEAT",120.341203060875
"91",2005,"Drought","Morrow","OR","WHEAT",136.647658477565
"92",2006,"Drought","Morrow","OR","WHEAT",78.854885371709
"93",2007,"Drought","Morrow","OR","WHEAT",48.6470119540878
"94",2008,"Drought","Morrow","OR","WHEAT",116.14504250136
"95",2009,"Drought","Morrow","OR","WHEAT",136.990773377816
"96",2010,"Drought","Morrow","OR","WHEAT",20.349370127221
"97",2012,"Drought","Morrow","OR","WHEAT",40.4669104539794
"98",2013,"Drought","Morrow","OR","WHEAT",98.2175260137514
"99",2014,"Drought","Morrow","OR","WHEAT",112.081392571395
"100",2015,"Drought","Morrow","OR","WHEAT",113.173152259402
