"","year","damagecause","county","state","commodity","loss"
"119",1989,"Drought","Morrow","OR","WHEAT",125544
"120",1990,"Drought","Morrow","OR","WHEAT",716468
"121",1991,"Drought","Morrow","OR","WHEAT",1220929
"122",1992,"Drought","Morrow","OR","WHEAT",1659286
"123",1994,"Drought","Morrow","OR","WHEAT",28788
"124",1999,"Drought","Morrow","OR","WHEAT",3620973
"125",2000,"Drought","Morrow","OR","WHEAT",2289952
"126",2001,"Drought","Morrow","OR","WHEAT",7644136.61
"127",2002,"Drought","Morrow","OR","WHEAT",15700206.01
"128",2003,"Drought","Morrow","OR","WHEAT",13299870.1
"129",2004,"Drought","Morrow","OR","WHEAT",1063815.44
"130",2005,"Drought","Morrow","OR","WHEAT",2753045.44
"131",2006,"Drought","Morrow","OR","WHEAT",464503.04
"132",2007,"Drought","Morrow","OR","WHEAT",1557785.9
"133",2008,"Drought","Morrow","OR","WHEAT",6698565.1
"134",2009,"Drought","Morrow","OR","WHEAT",14063940.37
"135",2010,"Drought","Morrow","OR","WHEAT",32519.6
"136",2012,"Drought","Morrow","OR","WHEAT",270440.61
"137",2013,"Drought","Morrow","OR","WHEAT",3803942.6
"138",2014,"Drought","Morrow","OR","WHEAT",6160746.53
"139",2015,"Drought","Morrow","OR","WHEAT",6725879.88
