"","year","damagecause","county","state","commodity","cube_loss"
"119",1989,"Drought","Morrow","OR","WHEAT",128.56308606238
"120",1990,"Drought","Morrow","OR","WHEAT",258.014746184289
"121",1991,"Drought","Morrow","OR","WHEAT",319.428893561897
"122",1992,"Drought","Morrow","OR","WHEAT",253.030027652988
"123",1994,"Drought","Morrow","OR","WHEAT",30.6481194296927
"124",1999,"Drought","Morrow","OR","WHEAT",331.869382451244
"125",2000,"Drought","Morrow","OR","WHEAT",357.105423689783
"126",2001,"Drought","Morrow","OR","WHEAT",640.671323558521
"127",2002,"Drought","Morrow","OR","WHEAT",623.17885529574
"128",2003,"Drought","Morrow","OR","WHEAT",637.536448961993
"129",2004,"Drought","Morrow","OR","WHEAT",376.679437779737
"130",2005,"Drought","Morrow","OR","WHEAT",493.540746246417
"131",2006,"Drought","Morrow","OR","WHEAT",253.971317180333
"132",2007,"Drought","Morrow","OR","WHEAT",203.238192008439
"133",2008,"Drought","Morrow","OR","WHEAT",470.933466889851
"134",2009,"Drought","Morrow","OR","WHEAT",742.628500364128
"135",2010,"Drought","Morrow","OR","WHEAT",59.3130465375326
"136",2012,"Drought","Morrow","OR","WHEAT",147.724885889228
"137",2013,"Drought","Morrow","OR","WHEAT",463.516988628705
"138",2014,"Drought","Morrow","OR","WHEAT",465.788892695221
"139",2015,"Drought","Morrow","OR","WHEAT",508.130032706936
