"","year","damagecause","county","state","commodity","pct_acreage"
"17",2001,"Drought","Morrow","OR","WHEAT",0.927957202997804
"45",2002,"Drought","Morrow","OR","WHEAT",0.980613515843706
"72",2003,"Drought","Morrow","OR","WHEAT",0.865636748603447
"94",2004,"Drought","Morrow","OR","WHEAT",0.841520979813457
"120",2005,"Drought","Morrow","OR","WHEAT",0.868996095194529
"144",2006,"Drought","Morrow","OR","WHEAT",0.192298571892571
"168",2007,"Drought","Morrow","OR","WHEAT",0.564857278078064
"194",2008,"Drought","Morrow","OR","WHEAT",0.89267127367618
"221",2009,"Drought","Morrow","OR","WHEAT",0.663493653102821
"247",2010,"Drought","Morrow","OR","WHEAT",0.156618106527373
"277",2012,"Drought","Morrow","OR","WHEAT",0.334599346107302
"303",2013,"Drought","Morrow","OR","WHEAT",0.299748441278396
"330",2014,"Drought","Morrow","OR","WHEAT",0.846914504509722
"358",2015,"Drought","Morrow","OR","WHEAT",0.669318305439418
