"","year","damagecause","county","state","commodity","cube_acres"
"101",2001,"Drought","Sherman","OR","WHEAT",108.557353893038
"102",2002,"Drought","Sherman","OR","WHEAT",125.461905556819
"103",2003,"Drought","Sherman","OR","WHEAT",102.467127601558
"104",2004,"Drought","Sherman","OR","WHEAT",51.4901480059566
"105",2005,"Drought","Sherman","OR","WHEAT",78.9968185273757
"106",2006,"Drought","Sherman","OR","WHEAT",2.49652851508155
"107",2007,"Drought","Sherman","OR","WHEAT",44.9166557347076
"108",2008,"Drought","Sherman","OR","WHEAT",88.0647539456644
"109",2009,"Drought","Sherman","OR","WHEAT",80.5425575584535
"110",2012,"Drought","Sherman","OR","WHEAT",23.8022453735216
"111",2013,"Drought","Sherman","OR","WHEAT",95.9456973660294
"112",2014,"Drought","Sherman","OR","WHEAT",56.5756423356902
"113",2015,"Drought","Sherman","OR","WHEAT",53.5318964499053
