"","year","damagecause","county","state","commodity","acres"
"101",2001,"Drought","Sherman","OR","WHEAT",56961.1582
"102",2002,"Drought","Sherman","OR","WHEAT",76302.758
"103",2003,"Drought","Sherman","OR","WHEAT",58506.7714
"104",2004,"Drought","Sherman","OR","WHEAT",5381.748
"105",2005,"Drought","Sherman","OR","WHEAT",15156.8005
"106",2006,"Drought","Sherman","OR","WHEAT",15.56
"107",2007,"Drought","Sherman","OR","WHEAT",4263.629
"108",2008,"Drought","Sherman","OR","WHEAT",45308.585
"109",2009,"Drought","Sherman","OR","WHEAT",42559.7798
"110",2012,"Drought","Sherman","OR","WHEAT",3377.9099
"111",2013,"Drought","Sherman","OR","WHEAT",19805.0403
"112",2014,"Drought","Sherman","OR","WHEAT",27154.0927
"113",2015,"Drought","Sherman","OR","WHEAT",28404.9004
