"","year","damagecause","county","state","commodity","loss"
"140",1989,"Drought","Sherman","OR","WHEAT",4.32872608519878
"141",1990,"Drought","Sherman","OR","WHEAT",5.57525829656245
"142",1991,"Drought","Sherman","OR","WHEAT",5.6185940226464
"143",1992,"Drought","Sherman","OR","WHEAT",5.85986931474159
"144",1994,"Drought","Sherman","OR","WHEAT",4.01460453343605
"145",1995,"Drought","Sherman","OR","WHEAT",4.86027809975224
"146",1996,"Drought","Sherman","OR","WHEAT",2.56229286445647
"147",1999,"Drought","Sherman","OR","WHEAT",5.70098565748326
"148",2000,"Drought","Sherman","OR","WHEAT",5.67474084378867
"149",2001,"Drought","Sherman","OR","WHEAT",6.35193024715562
"150",2002,"Drought","Sherman","OR","WHEAT",6.56200030132306
"151",2003,"Drought","Sherman","OR","WHEAT",6.27779958148551
"152",2004,"Drought","Sherman","OR","WHEAT",5.05236530788424
"153",2005,"Drought","Sherman","OR","WHEAT",5.96105733999106
"154",2006,"Drought","Sherman","OR","WHEAT",2.71683772329952
"155",2007,"Drought","Sherman","OR","WHEAT",5.37149455482663
"156",2008,"Drought","Sherman","OR","WHEAT",6.43084789404857
"157",2009,"Drought","Sherman","OR","WHEAT",6.83633554522483
"158",2012,"Drought","Sherman","OR","WHEAT",5.323997930104
"159",2013,"Drought","Sherman","OR","WHEAT",6.07217431423579
"160",2014,"Drought","Sherman","OR","WHEAT",5.99068380424643
"161",2015,"Drought","Sherman","OR","WHEAT",6.12016728402166
