"","year","damagecause","county","state","commodity","(loss/acres)"
"101",2001,"Drought","Sherman","OR","WHEAT",242.591404032486
"102",2002,"Drought","Sherman","OR","WHEAT",320.564357770073
"103",2003,"Drought","Sherman","OR","WHEAT",138.826327547016
"104",2004,"Drought","Sherman","OR","WHEAT",111.336512087128
"105",2005,"Drought","Sherman","OR","WHEAT",370.068656835627
"106",2006,"Drought","Sherman","OR","WHEAT",34.4832904884319
"107",2007,"Drought","Sherman","OR","WHEAT",302.291680306705
"108",2008,"Drought","Sherman","OR","WHEAT",287.191020789268
"109",2009,"Drought","Sherman","OR","WHEAT",878.673641686798
"110",2012,"Drought","Sherman","OR","WHEAT",121.986693734996
"111",2013,"Drought","Sherman","OR","WHEAT",476.138240739881
"112",2014,"Drought","Sherman","OR","WHEAT",135.290860267256
"113",2015,"Drought","Sherman","OR","WHEAT",154.813041164966
