"","year","damagecause","county","state","commodity","loss"
"140",1989,"Drought","Sherman","OR","WHEAT",21317
"141",1990,"Drought","Sherman","OR","WHEAT",376061
"142",1991,"Drought","Sherman","OR","WHEAT",415522
"143",1992,"Drought","Sherman","OR","WHEAT",724218
"144",1994,"Drought","Sherman","OR","WHEAT",10342
"145",1995,"Drought","Sherman","OR","WHEAT",72490
"146",1996,"Drought","Sherman","OR","WHEAT",365
"147",1999,"Drought","Sherman","OR","WHEAT",502326
"148",2000,"Drought","Sherman","OR","WHEAT",472869
"149",2001,"Drought","Sherman","OR","WHEAT",2248693.41
"150",2002,"Drought","Sherman","OR","WHEAT",3647542
"151",2003,"Drought","Sherman","OR","WHEAT",1895830.83
"152",2004,"Drought","Sherman","OR","WHEAT",112814.6
"153",2005,"Drought","Sherman","OR","WHEAT",914233.94
"154",2006,"Drought","Sherman","OR","WHEAT",521
"155",2007,"Drought","Sherman","OR","WHEAT",235231
"156",2008,"Drought","Sherman","OR","WHEAT",2696794.75
"157",2009,"Drought","Sherman","OR","WHEAT",6860180.54
"158",2012,"Drought","Sherman","OR","WHEAT",210861.81
"159",2013,"Drought","Sherman","OR","WHEAT",1180794.48
"160",2014,"Drought","Sherman","OR","WHEAT",978777.11
"161",2015,"Drought","Sherman","OR","WHEAT",1318764.61
