"","year","damagecause","county","state","commodity","pct_acreage"
"20",2001,"Drought","Sherman","OR","WHEAT",0.990112844826143
"48",2002,"Drought","Sherman","OR","WHEAT",0.967824272245444
"75",2003,"Drought","Sherman","OR","WHEAT",0.980633332009212
"97",2004,"Drought","Sherman","OR","WHEAT",0.816088771324009
"122",2005,"Drought","Sherman","OR","WHEAT",0.909827505971628
"146",2006,"Drought","Sherman","OR","WHEAT",0.000477800251858462
"170",2007,"Drought","Sherman","OR","WHEAT",0.299260207071831
"197",2008,"Drought","Sherman","OR","WHEAT",0.950164108175714
"224",2009,"Drought","Sherman","OR","WHEAT",0.394601414905582
"280",2012,"Drought","Sherman","OR","WHEAT",0.619260599987497
"305",2013,"Drought","Sherman","OR","WHEAT",0.423270512245163
"333",2014,"Drought","Sherman","OR","WHEAT",0.998056564017606
"361",2015,"Drought","Sherman","OR","WHEAT",0.483568329695847
