"","year","damagecause","county","state","commodity","cube_loss"
"140",1989,"Drought","Sherman","OR","WHEAT",51.6414631416548
"141",1990,"Drought","Sherman","OR","WHEAT",230.649634276318
"142",1991,"Drought","Sherman","OR","WHEAT",234.036945377136
"143",1992,"Drought","Sherman","OR","WHEAT",251.237961596665
"144",1994,"Drought","Sherman","OR","WHEAT",43.2436465966181
"145",1995,"Drought","Sherman","OR","WHEAT",50.3792452547086
"146",1996,"Drought","Sherman","OR","WHEAT",7.14656949881502
"147",1999,"Drought","Sherman","OR","WHEAT",200.108804270851
"148",2000,"Drought","Sherman","OR","WHEAT",197.90319126762
"149",2001,"Drought","Sherman","OR","WHEAT",368.233198993186
"150",2002,"Drought","Sherman","OR","WHEAT",455.761175150748
"151",2003,"Drought","Sherman","OR","WHEAT",306.894503148119
"152",2004,"Drought","Sherman","OR","WHEAT",136.201429603794
"153",2005,"Drought","Sherman","OR","WHEAT",310.465921294188
"154",2006,"Drought","Sherman","OR","WHEAT",8.04660299297347
"155",2007,"Drought","Sherman","OR","WHEAT",171.812041267698
"156",2008,"Drought","Sherman","OR","WHEAT",342.221282543676
"157",2009,"Drought","Sherman","OR","WHEAT",421.097584368836
"158",2012,"Drought","Sherman","OR","WHEAT",91.856850701127
"159",2013,"Drought","Sherman","OR","WHEAT",364.346384140541
"160",2014,"Drought","Sherman","OR","WHEAT",184.719677875612
"161",2015,"Drought","Sherman","OR","WHEAT",195.379794878361
