"","year","damagecause","county","state","commodity","cube_loss"
"162",1989,"Drought","Umatilla","OR","WHEAT",109.591693374393
"163",1990,"Drought","Umatilla","OR","WHEAT",192.37244085162
"164",1991,"Drought","Umatilla","OR","WHEAT",246.90738380842
"165",1992,"Drought","Umatilla","OR","WHEAT",319.019718955203
"166",1994,"Drought","Umatilla","OR","WHEAT",131.012818468811
"167",1995,"Drought","Umatilla","OR","WHEAT",2.71441761659491
"168",1998,"Drought","Umatilla","OR","WHEAT",36.9902009912945
"169",1999,"Drought","Umatilla","OR","WHEAT",450.316060687709
"170",2000,"Drought","Umatilla","OR","WHEAT",335.509545843074
"171",2001,"Drought","Umatilla","OR","WHEAT",412.709631130939
"172",2002,"Drought","Umatilla","OR","WHEAT",690.545476720537
"173",2003,"Drought","Umatilla","OR","WHEAT",533.231253149312
"174",2004,"Drought","Umatilla","OR","WHEAT",385.755458281921
"175",2005,"Drought","Umatilla","OR","WHEAT",780.697584176206
"176",2006,"Drought","Umatilla","OR","WHEAT",250.224491984062
"177",2007,"Drought","Umatilla","OR","WHEAT",552.189707052784
"178",2008,"Drought","Umatilla","OR","WHEAT",563.954142047681
"179",2009,"Drought","Umatilla","OR","WHEAT",442.391718711457
"180",2010,"Drought","Umatilla","OR","WHEAT",145.445017829233
"181",2012,"Drought","Umatilla","OR","WHEAT",187.651081355774
"182",2013,"Drought","Umatilla","OR","WHEAT",453.387019907084
"183",2014,"Drought","Umatilla","OR","WHEAT",553.023756743087
"184",2015,"Drought","Umatilla","OR","WHEAT",472.55015282071
