"","year","damagecause","county","state","commodity","cube_acres"
"114",2001,"Drought","Umatilla","OR","WHEAT",110.081202782611
"115",2002,"Drought","Umatilla","OR","WHEAT",160.043725064206
"116",2003,"Drought","Umatilla","OR","WHEAT",130.792151916322
"117",2004,"Drought","Umatilla","OR","WHEAT",102.848219208522
"118",2005,"Drought","Umatilla","OR","WHEAT",174.702088084392
"119",2006,"Drought","Umatilla","OR","WHEAT",70.8763398454587
"120",2007,"Drought","Umatilla","OR","WHEAT",110.455632957719
"121",2008,"Drought","Umatilla","OR","WHEAT",120.148435813464
"122",2009,"Drought","Umatilla","OR","WHEAT",82.8124310622231
"123",2010,"Drought","Umatilla","OR","WHEAT",43.4264390585401
"124",2012,"Drought","Umatilla","OR","WHEAT",46.7625814401452
"125",2013,"Drought","Umatilla","OR","WHEAT",101.295985185815
"126",2014,"Drought","Umatilla","OR","WHEAT",131.336106616794
"127",2015,"Drought","Umatilla","OR","WHEAT",109.046449642282
