"","year","damagecause","county","state","commodity","(loss/acres)"
"128",2001,"Drought","Union","OR","WHEAT",192.773748242935
"129",2002,"Drought","Union","OR","WHEAT",307.409647425694
"130",2003,"Drought","Union","OR","WHEAT",205.566986954953
"131",2004,"Drought","Union","OR","WHEAT",85.4950748798812
"132",2006,"Drought","Union","OR","WHEAT",19.6690089432378
"133",2007,"Drought","Union","OR","WHEAT",473.894095569615
"134",2008,"Drought","Union","OR","WHEAT",63.2440567699346
"135",2009,"Drought","Union","OR","WHEAT",693.692873456148
"136",2010,"Drought","Union","OR","WHEAT",26.4985650158216
"137",2012,"Drought","Union","OR","WHEAT",377.002808673183
"138",2013,"Drought","Union","OR","WHEAT",236.058716828601
"139",2014,"Drought","Union","OR","WHEAT",333.904822546066
"140",2015,"Drought","Union","OR","WHEAT",528.887389131992
