"","year","damagecause","county","state","commodity","cube_loss"
"185",2001,"Drought","Union","OR","WHEAT",90.6616108985277
"186",2002,"Drought","Union","OR","WHEAT",166.970019903046
"187",2003,"Drought","Union","OR","WHEAT",135.227323051946
"188",2004,"Drought","Union","OR","WHEAT",37.2653483570862
"189",2006,"Drought","Union","OR","WHEAT",20.1513517432677
"190",2007,"Drought","Union","OR","WHEAT",107.579124862146
"191",2008,"Drought","Union","OR","WHEAT",28.269909001131
"192",2009,"Drought","Union","OR","WHEAT",44.1052307738355
"193",2010,"Drought","Union","OR","WHEAT",15.1321654002799
"194",2012,"Drought","Union","OR","WHEAT",48.0083055324735
"195",2013,"Drought","Union","OR","WHEAT",40.8690007970737
"196",2014,"Drought","Union","OR","WHEAT",74.0905229171867
"197",2015,"Drought","Union","OR","WHEAT",86.9045342763212
