"","year","damagecause","county","state","commodity","loss"
"162",1989,"Drought","Umatilla","OR","WHEAT",5.40126781941194
"163",1990,"Drought","Umatilla","OR","WHEAT",5.5059161033686
"164",1991,"Drought","Umatilla","OR","WHEAT",5.91530853406622
"165",1992,"Drought","Umatilla","OR","WHEAT",6.29653181066837
"166",1994,"Drought","Umatilla","OR","WHEAT",4.9630318750539
"167",1995,"Drought","Umatilla","OR","WHEAT",1.30102999566398
"168",1998,"Drought","Umatilla","OR","WHEAT",3.97285055584723
"169",1999,"Drought","Umatilla","OR","WHEAT",6.74315167696109
"170",2000,"Drought","Umatilla","OR","WHEAT",5.95531918912631
"171",2001,"Drought","Umatilla","OR","WHEAT",6.47181749200756
"172",2002,"Drought","Umatilla","OR","WHEAT",7.1320609200562
"173",2003,"Drought","Umatilla","OR","WHEAT",6.92768418037251
"174",2004,"Drought","Umatilla","OR","WHEAT",6.39685911980565
"175",2005,"Drought","Umatilla","OR","WHEAT",7.04976213882823
"176",2006,"Drought","Umatilla","OR","WHEAT",5.96509461517864
"177",2007,"Drought","Umatilla","OR","WHEAT",6.68686737306377
"178",2008,"Drought","Umatilla","OR","WHEAT",6.89425697744349
"179",2009,"Drought","Umatilla","OR","WHEAT",6.90630612361905
"180",2010,"Drought","Umatilla","OR","WHEAT",5.25317414457935
"181",2012,"Drought","Umatilla","OR","WHEAT",5.5789285668135
"182",2013,"Drought","Umatilla","OR","WHEAT",6.49075194522969
"183",2014,"Drought","Umatilla","OR","WHEAT",6.75271786047661
"184",2015,"Drought","Umatilla","OR","WHEAT",6.72696419906663
