"","year","damagecause","county","state","commodity","cube_acres"
"128",2001,"Drought","Union","OR","WHEAT",26.6421452522859
"129",2002,"Drought","Union","OR","WHEAT",44.7490076552478
"130",2003,"Drought","Union","OR","WHEAT",42.3792075767376
"131",2004,"Drought","Union","OR","WHEAT",10.0152483462312
"132",2006,"Drought","Union","OR","WHEAT",7.59621233238589
"133",2007,"Drought","Union","OR","WHEAT",25.7137930750819
"134",2008,"Drought","Union","OR","WHEAT",9.22990041198747
"135",2009,"Drought","Union","OR","WHEAT",7.17673346211022
"136",2010,"Drought","Union","OR","WHEAT",5.14117633197627
"137",2012,"Drought","Union","OR","WHEAT",8.21324093805882
"138",2013,"Drought","Union","OR","WHEAT",8.20704400184288
"139",2014,"Drought","Union","OR","WHEAT",17.0412962091767
"140",2015,"Drought","Union","OR","WHEAT",18.3076923373106
