"","year","damagecause","county","state","commodity","acres"
"114",2001,"Drought","Umatilla","OR","WHEAT",51799.133
"115",2002,"Drought","Umatilla","OR","WHEAT",158657.4306
"116",2003,"Drought","Umatilla","OR","WHEAT",122098.6154
"117",2004,"Drought","Umatilla","OR","WHEAT",49513.1268
"118",2005,"Drought","Umatilla","OR","WHEAT",121263.5992
"119",2006,"Drought","Umatilla","OR","WHEAT",15232.3435
"120",2007,"Drought","Umatilla","OR","WHEAT",43442.8793
"121",2008,"Drought","Umatilla","OR","WHEAT",69450.2865
"122",2009,"Drought","Umatilla","OR","WHEAT",49919.9128
"123",2010,"Drought","Umatilla","OR","WHEAT",4490.444
"124",2012,"Drought","Umatilla","OR","WHEAT",5202.6311
"125",2013,"Drought","Umatilla","OR","WHEAT",32386.5565
"126",2014,"Drought","Umatilla","OR","WHEAT",73107.4396
"127",2015,"Drought","Umatilla","OR","WHEAT",62964.6384
