"","year","damagecause","county","state","commodity","pct_acreage"
"22",2001,"Drought","Umatilla","OR","WHEAT",0.624796634639433
"50",2002,"Drought","Umatilla","OR","WHEAT",0.890697961462166
"78",2003,"Drought","Umatilla","OR","WHEAT",0.618797089516461
"99",2004,"Drought","Umatilla","OR","WHEAT",0.58208150000898
"124",2005,"Drought","Umatilla","OR","WHEAT",0.825355792385208
"148",2006,"Drought","Umatilla","OR","WHEAT",0.10647684458994
"172",2007,"Drought","Umatilla","OR","WHEAT",0.350608078268873
"199",2008,"Drought","Umatilla","OR","WHEAT",0.542821537193908
"226",2009,"Drought","Umatilla","OR","WHEAT",0.239383265534491
"249",2010,"Drought","Umatilla","OR","WHEAT",0.235475149995687
"282",2012,"Drought","Umatilla","OR","WHEAT",0.126468553392997
"307",2013,"Drought","Umatilla","OR","WHEAT",0.287576744492906
"335",2014,"Drought","Umatilla","OR","WHEAT",0.827792883781375
"363",2015,"Drought","Umatilla","OR","WHEAT",0.546370006253376
