"","year","damagecause","county","state","commodity","loss"
"185",2001,"Drought","Union","OR","WHEAT",4.86144598977691
"186",2002,"Drought","Union","OR","WHEAT",5.27320922037489
"187",2003,"Drought","Union","OR","WHEAT",5.06424940291454
"188",2004,"Drought","Union","OR","WHEAT",4.50525582470037
"189",2006,"Drought","Union","OR","WHEAT",3.9129125511761
"190",2007,"Drought","Union","OR","WHEAT",5.01820726949512
"191",2008,"Drought","Union","OR","WHEAT",3.80219884518534
"192",2009,"Drought","Union","OR","WHEAT",4.29837967756833
"193",2010,"Drought","Union","OR","WHEAT",3.53970323894783
"194",2012,"Drought","Union","OR","WHEAT",4.60725123231785
"195",2013,"Drought","Union","OR","WHEAT",4.37289360027166
"196",2014,"Drought","Union","OR","WHEAT",4.72592795884838
"197",2015,"Drought","Union","OR","WHEAT",4.61973281755646
