"","year","damagecause","county","state","commodity","acres"
"128",2001,"Drought","Union","OR","WHEAT",1847.733
"129",2002,"Drought","Union","OR","WHEAT",3066.226
"130",2003,"Drought","Union","OR","WHEAT",2489.47
"131",2004,"Drought","Union","OR","WHEAT",456.76
"132",2006,"Drought","Union","OR","WHEAT",438.32
"133",2007,"Drought","Union","OR","WHEAT",1235.735
"134",2008,"Drought","Union","OR","WHEAT",196.9
"135",2009,"Drought","Union","OR","WHEAT",84.382
"136",2010,"Drought","Union","OR","WHEAT",135.89
"137",2012,"Drought","Union","OR","WHEAT",177.8
"138",2013,"Drought","Union","OR","WHEAT",167.78
"139",2014,"Drought","Union","OR","WHEAT",580.13
"140",2015,"Drought","Union","OR","WHEAT",319.55
