"","year","damagecause","county","state","commodity","loss"
"162",1989,"Drought","Umatilla","OR","WHEAT",251923
"163",1990,"Drought","Umatilla","OR","WHEAT",320565
"164",1991,"Drought","Umatilla","OR","WHEAT",822827
"165",1992,"Drought","Umatilla","OR","WHEAT",1979392
"166",1994,"Drought","Umatilla","OR","WHEAT",91840
"167",1995,"Drought","Umatilla","OR","WHEAT",20
"168",1998,"Drought","Umatilla","OR","WHEAT",9394
"169",1999,"Drought","Umatilla","OR","WHEAT",5535434
"170",2000,"Drought","Umatilla","OR","WHEAT",902234
"171",2001,"Drought","Umatilla","OR","WHEAT",2963585.71
"172",2002,"Drought","Umatilla","OR","WHEAT",13553795.23
"173",2003,"Drought","Umatilla","OR","WHEAT",8466115.33
"174",2004,"Drought","Umatilla","OR","WHEAT",2493785.64
"175",2005,"Drought","Umatilla","OR","WHEAT",11214040.98
"176",2006,"Drought","Umatilla","OR","WHEAT",922772.44
"177",2007,"Drought","Umatilla","OR","WHEAT",4862586.87
"178",2008,"Drought","Umatilla","OR","WHEAT",7838933.45
"179",2009,"Drought","Umatilla","OR","WHEAT",8059463.33
"180",2010,"Drought","Umatilla","OR","WHEAT",179132.4
"181",2012,"Drought","Umatilla","OR","WHEAT",379252.6
"182",2013,"Drought","Umatilla","OR","WHEAT",3095650.66
"183",2014,"Drought","Umatilla","OR","WHEAT",5658715.51
"184",2015,"Drought","Umatilla","OR","WHEAT",5332909.32
