"","year","damagecause","county","state","commodity","(loss/acres)"
"114",2001,"Drought","Umatilla","OR","WHEAT",348.298233773237
"115",2002,"Drought","Umatilla","OR","WHEAT",607.271899499831
"116",2003,"Drought","Umatilla","OR","WHEAT",477.08602519593
"117",2004,"Drought","Umatilla","OR","WHEAT",339.753418788435
"118",2005,"Drought","Umatilla","OR","WHEAT",761.421907952122
"119",2006,"Drought","Umatilla","OR","WHEAT",272.944956677335
"120",2007,"Drought","Umatilla","OR","WHEAT",1116.3973463665
"121",2008,"Drought","Umatilla","OR","WHEAT",590.058851051192
"122",2009,"Drought","Umatilla","OR","WHEAT",820.204320325954
"123",2010,"Drought","Umatilla","OR","WHEAT",200.373396386198
"124",2012,"Drought","Umatilla","OR","WHEAT",335.545709951844
"125",2013,"Drought","Umatilla","OR","WHEAT",692.908763486873
"126",2014,"Drought","Umatilla","OR","WHEAT",641.260525891801
"127",2015,"Drought","Umatilla","OR","WHEAT",404.635530895334
