"","year","damagecause","county","state","commodity","pct_acreage"
"23",2001,"Drought","Union","OR","WHEAT",0.518880370682393
"51",2002,"Drought","Union","OR","WHEAT",0.615416389020464
"79",2003,"Drought","Union","OR","WHEAT",0.655135752500704
"100",2004,"Drought","Union","OR","WHEAT",0.197824947702596
"149",2006,"Drought","Union","OR","WHEAT",0.179155477623958
"173",2007,"Drought","Union","OR","WHEAT",0.407472928235092
"200",2008,"Drought","Union","OR","WHEAT",0.144027503474508
"227",2009,"Drought","Union","OR","WHEAT",0.0108656518077657
"250",2010,"Drought","Union","OR","WHEAT",0.14739411030967
"283",2012,"Drought","Union","OR","WHEAT",0.0844952619923394
"308",2013,"Drought","Union","OR","WHEAT",0.0409327634592259
"336",2014,"Drought","Union","OR","WHEAT",0.312669436943856
"364",2015,"Drought","Union","OR","WHEAT",0.0764610875157026
