"","year","damagecause","county","state","commodity","loss"
"185",2001,"Drought","Union","OR","WHEAT",72685.2
"186",2002,"Drought","Union","OR","WHEAT",187589.8
"187",2003,"Drought","Union","OR","WHEAT",115944.3
"188",2004,"Drought","Union","OR","WHEAT",32007.8
"189",2006,"Drought","Union","OR","WHEAT",8183
"190",2007,"Drought","Union","OR","WHEAT",104281.5
"191",2008,"Drought","Union","OR","WHEAT",6341.6
"192",2009,"Drought","Union","OR","WHEAT",19878.32
"193",2010,"Drought","Union","OR","WHEAT",3465
"194",2012,"Drought","Union","OR","WHEAT",40481
"195",2013,"Drought","Union","OR","WHEAT",23599
"196",2014,"Drought","Union","OR","WHEAT",53202
"197",2015,"Drought","Union","OR","WHEAT",41661.3
