"","year","damagecause","county","state","commodity","loss"
"208",2001,"Drought","Wasco","OR","WHEAT",6.58824762664716
"209",2002,"Drought","Wasco","OR","WHEAT",6.64588895386186
"210",2003,"Drought","Wasco","OR","WHEAT",6.44095030661374
"211",2004,"Drought","Wasco","OR","WHEAT",5.65975566200362
"212",2005,"Drought","Wasco","OR","WHEAT",6.019815398716
"213",2006,"Drought","Wasco","OR","WHEAT",4.96376139122468
"214",2007,"Drought","Wasco","OR","WHEAT",5.65232893615266
"215",2008,"Drought","Wasco","OR","WHEAT",6.16148758148582
"216",2009,"Drought","Wasco","OR","WHEAT",6.03396687496391
"217",2013,"Drought","Wasco","OR","WHEAT",6.07587008033971
"218",2014,"Drought","Wasco","OR","WHEAT",5.95059119329412
"219",2015,"Drought","Wasco","OR","WHEAT",6.13966349065665
