"","year","damagecause","county","state","commodity","acres"
"151",2001,"Drought","Wasco","OR","WHEAT",50367.323
"152",2002,"Drought","Wasco","OR","WHEAT",62154.301
"153",2003,"Drought","Wasco","OR","WHEAT",48032.33
"154",2004,"Drought","Wasco","OR","WHEAT",11866.009
"155",2005,"Drought","Wasco","OR","WHEAT",23040.163
"156",2006,"Drought","Wasco","OR","WHEAT",1776.12
"157",2007,"Drought","Wasco","OR","WHEAT",8843.324
"158",2008,"Drought","Wasco","OR","WHEAT",13062.632
"159",2009,"Drought","Wasco","OR","WHEAT",6704.6035
"160",2013,"Drought","Wasco","OR","WHEAT",13171.5538
"161",2014,"Drought","Wasco","OR","WHEAT",12428.39
"162",2015,"Drought","Wasco","OR","WHEAT",26394.2915
