"","year","damagecause","county","state","commodity","cube_loss"
"208",2001,"Drought","Wasco","OR","WHEAT",446.490448264937
"209",2002,"Drought","Wasco","OR","WHEAT",530.764695069451
"210",2003,"Drought","Wasco","OR","WHEAT",347.610319911122
"211",2004,"Drought","Wasco","OR","WHEAT",179.613144426058
"212",2005,"Drought","Wasco","OR","WHEAT",352.939125885287
"213",2006,"Drought","Wasco","OR","WHEAT",54.0553699187212
"214",2007,"Drought","Wasco","OR","WHEAT",194.635690968435
"215",2008,"Drought","Wasco","OR","WHEAT",265.045130596683
"216",2009,"Drought","Wasco","OR","WHEAT",208.561660778644
"217",2013,"Drought","Wasco","OR","WHEAT",313.655832671364
"218",2014,"Drought","Wasco","OR","WHEAT",167.463844096444
"219",2015,"Drought","Wasco","OR","WHEAT",198.164808231222
