"","year","damagecause","county","state","commodity","loss"
"208",2001,"Drought","Wasco","OR","WHEAT",3874785.15
"209",2002,"Drought","Wasco","OR","WHEAT",4424752.2
"210",2003,"Drought","Wasco","OR","WHEAT",2760262
"211",2004,"Drought","Wasco","OR","WHEAT",456831.1
"212",2005,"Drought","Wasco","OR","WHEAT",1046683.55
"213",2006,"Drought","Wasco","OR","WHEAT",91994.4
"214",2007,"Drought","Wasco","OR","WHEAT",449085.4
"215",2008,"Drought","Wasco","OR","WHEAT",1450399.3
"216",2009,"Drought","Wasco","OR","WHEAT",1081351.47
"217",2013,"Drought","Wasco","OR","WHEAT",1190885.7
"218",2014,"Drought","Wasco","OR","WHEAT",892465
"219",2015,"Drought","Wasco","OR","WHEAT",1379315.1
