"","year","damagecause","county","state","commodity","cube_acres"
"151",2001,"Drought","Wasco","OR","WHEAT",108.635071898513
"152",2002,"Drought","Wasco","OR","WHEAT",127.389409188655
"153",2003,"Drought","Wasco","OR","WHEAT",94.1980572195113
"154",2004,"Drought","Wasco","OR","WHEAT",55.1810313644442
"155",2005,"Drought","Wasco","OR","WHEAT",103.963805506265
"156",2006,"Drought","Wasco","OR","WHEAT",15.5554330031292
"157",2007,"Drought","Wasco","OR","WHEAT",55.5622362041986
"158",2008,"Drought","Wasco","OR","WHEAT",57.9196436808902
"159",2009,"Drought","Wasco","OR","WHEAT",37.5177634760975
"160",2013,"Drought","Wasco","OR","WHEAT",69.6849716408464
"161",2014,"Drought","Wasco","OR","WHEAT",41.2306169291207
"162",2015,"Drought","Wasco","OR","WHEAT",55.2743589722674
