"","year","state","county","damagecause","commodity","acres","X","totalacres","cube_totalacres","pct_act"
"1",2007,"OR","Wallowa","Drought","WHEAT",2080.84,19,1150,10.4768955317165,1.80942608695652
"2",2008,"OR","Wallowa","Drought","WHEAT",802.94,45,2689,13.905830585339,0.298601710673113
"3",2009,NA,NA,NA,NA,NA,NA,NA,NA,NA
"4",2010,NA,NA,NA,NA,NA,NA,NA,NA,NA
"5",2011,NA,NA,NA,NA,NA,NA,NA,NA,NA
"6",2012,NA,NA,NA,NA,NA,NA,NA,NA,NA
"7",2013,"OR","Wallowa","Drought","WHEAT",249.924,175,9275,21.010576682725,0.0269459838274933
"8",2014,"OR","Wallowa","Drought","WHEAT",2098,201,9836,21.4259213654029,0.213298088653924
"9",2015,"OR","Wallowa","Drought","WHEAT",1624.293,227,9488,21.1701966405554,0.171194456155143
