"","year","damagecause","county","state","commodity","loss"
"198",2001,"Drought","Wallowa","OR","WHEAT",4.52299164716902
"199",2002,"Drought","Wallowa","OR","WHEAT",4.99255395963708
"200",2003,"Drought","Wallowa","OR","WHEAT",4.92939848784601
"201",2004,"Drought","Wallowa","OR","WHEAT",4.75046982346876
"202",2005,"Drought","Wallowa","OR","WHEAT",4.7817510675784
"203",2007,"Drought","Wallowa","OR","WHEAT",5.33677223336368
"204",2008,"Drought","Wallowa","OR","WHEAT",5.14084102110981
"205",2013,"Drought","Wallowa","OR","WHEAT",4.36288190225698
"206",2014,"Drought","Wallowa","OR","WHEAT",5.31760896731415
"207",2015,"Drought","Wallowa","OR","WHEAT",5.15247373631743
