"","year","damagecause","county","state","commodity","(loss/acres)"
"141",2001,"Drought","Wallowa","OR","WHEAT",42.7145620757325
"142",2002,"Drought","Wallowa","OR","WHEAT",122.174543063955
"143",2003,"Drought","Wallowa","OR","WHEAT",72.816641799389
"144",2004,"Drought","Wallowa","OR","WHEAT",126.468880294765
"145",2005,"Drought","Wallowa","OR","WHEAT",112.441739317812
"146",2007,"Drought","Wallowa","OR","WHEAT",290.304949994858
"147",2008,"Drought","Wallowa","OR","WHEAT",173.249483149426
"148",2013,"Drought","Wallowa","OR","WHEAT",134.258152094635
"149",2014,"Drought","Wallowa","OR","WHEAT",413.071195998346
"150",2015,"Drought","Wallowa","OR","WHEAT",277.647546844406
