"","year","damagecause","county","state","commodity","loss"
"198",2001,"Drought","Wallowa","OR","WHEAT",33342
"199",2002,"Drought","Wallowa","OR","WHEAT",98300.1
"200",2003,"Drought","Wallowa","OR","WHEAT",84996
"201",2004,"Drought","Wallowa","OR","WHEAT",56295
"202",2005,"Drought","Wallowa","OR","WHEAT",60499.4
"203",2007,"Drought","Wallowa","OR","WHEAT",217156.2
"204",2008,"Drought","Wallowa","OR","WHEAT",138306
"205",2013,"Drought","Wallowa","OR","WHEAT",23061.2
"206",2014,"Drought","Wallowa","OR","WHEAT",207782.5
"207",2015,"Drought","Wallowa","OR","WHEAT",142060.63
