"","year","damagecause","county","state","commodity","pct_acreage"
"26",2001,"Drought","Wasco","OR","WHEAT",0.951165899416268
"54",2002,"Drought","Wasco","OR","WHEAT",0.951595699483142
"82",2003,"Drought","Wasco","OR","WHEAT",0.89453242415653
"103",2004,"Drought","Wasco","OR","WHEAT",0.661156236906152
"127",2005,"Drought","Wasco","OR","WHEAT",0.849954034929027
"151",2006,"Drought","Wasco","OR","WHEAT",0.0758805457732564
"176",2007,"Drought","Wasco","OR","WHEAT",0.464217945043397
"203",2008,"Drought","Wasco","OR","WHEAT",0.729114153535349
"229",2009,"Drought","Wasco","OR","WHEAT",0.126698885928732
"311",2013,"Drought","Wasco","OR","WHEAT",0.354569566445147
"339",2014,"Drought","Wasco","OR","WHEAT",0.838038238590064
"367",2015,"Drought","Wasco","OR","WHEAT",0.64543156921232
