"","year","damagecause","county","state","commodity","cube_loss"
"198",2001,"Drought","Wallowa","OR","WHEAT",41.5386636390844
"199",2002,"Drought","Wallowa","OR","WHEAT",78.3468505615185
"200",2003,"Drought","Wallowa","OR","WHEAT",65.6847219434003
"201",2004,"Drought","Wallowa","OR","WHEAT",55.2181787678832
"202",2005,"Drought","Wallowa","OR","WHEAT",65.3666032661292
"203",2007,"Drought","Wallowa","OR","WHEAT",111.349075328299
"204",2008,"Drought","Wallowa","OR","WHEAT",51.714659995169
"205",2013,"Drought","Wallowa","OR","WHEAT",38.3321144997193
"206",2014,"Drought","Wallowa","OR","WHEAT",153.084244178923
"207",2015,"Drought","Wallowa","OR","WHEAT",111.717841866948
