"","year","state","county","damagecause","commodity","acres","X","totalacres","cube_totalacres","pct_act"
"1",2007,"OR","Wasco","Drought","WHEAT",8843.324,13,25498,29.4330570524917,0.346824221507569
"2",2008,"OR","Wasco","Drought","WHEAT",13062.632,39,46066,35.8476068369615,0.283563409021838
"3",2009,"OR","Wasco","Drought","WHEAT",6704.6035,65,48712,36.5212236609359,0.137637614961406
"4",2010,NA,NA,NA,NA,NA,NA,NA,NA,NA
"5",2011,NA,NA,NA,NA,NA,NA,NA,NA,NA
"6",2012,NA,NA,NA,NA,NA,NA,NA,NA,NA
"7",2013,"OR","Wasco","Drought","WHEAT",13171.5538,169,153132,53.5001892443884,0.0860143784447405
"8",2014,"OR","Wasco","Drought","WHEAT",12428.39,195,158318,54.097446359876,0.0785026971032984
"9",2015,"OR","Wasco","Drought","WHEAT",26394.2915,221,152518,53.4285884504452,0.173056894923878
