"","year","damagecause","county","state","commodity","acres"
"141",2001,"Drought","Wallowa","OR","WHEAT",1060.93
"142",2002,"Drought","Wallowa","OR","WHEAT",1781.187
"143",2003,"Drought","Wallowa","OR","WHEAT",2087.42
"144",2004,"Drought","Wallowa","OR","WHEAT",737.85
"145",2005,"Drought","Wallowa","OR","WHEAT",1913.044
"146",2007,"Drought","Wallowa","OR","WHEAT",2080.84
"147",2008,"Drought","Wallowa","OR","WHEAT",802.94
"148",2013,"Drought","Wallowa","OR","WHEAT",249.924
"149",2014,"Drought","Wallowa","OR","WHEAT",2098
"150",2015,"Drought","Wallowa","OR","WHEAT",1624.293
