"","year","damagecause","county","state","commodity","pct_acreage"
"25",2001,"Drought","Wallowa","OR","WHEAT",0.90645238461407
"53",2002,"Drought","Wallowa","OR","WHEAT",0.879016848110386
"81",2003,"Drought","Wallowa","OR","WHEAT",0.891594980394837
"102",2004,"Drought","Wallowa","OR","WHEAT",0.549097674418605
"126",2005,"Drought","Wallowa","OR","WHEAT",0.902711374939836
"175",2007,"Drought","Wallowa","OR","WHEAT",0.692076922565238
"202",2008,"Drought","Wallowa","OR","WHEAT",0.246468453977862
"310",2013,"Drought","Wallowa","OR","WHEAT",0.0707617125011679
"338",2014,"Drought","Wallowa","OR","WHEAT",0.651755203479341
"366",2015,"Drought","Wallowa","OR","WHEAT",0.374544989173821
