"","year","damagecause","county","state","commodity","(loss/acres)"
"151",2001,"Drought","Wasco","OR","WHEAT",428.408410909278
"152",2002,"Drought","Wasco","OR","WHEAT",516.83857986175
"153",2003,"Drought","Wasco","OR","WHEAT",236.407132331883
"154",2004,"Drought","Wasco","OR","WHEAT",219.395384699203
"155",2005,"Drought","Wasco","OR","WHEAT",408.817836066676
"156",2006,"Drought","Wasco","OR","WHEAT",70.2190750606542
"157",2007,"Drought","Wasco","OR","WHEAT",226.639773320454
"158",2008,"Drought","Wasco","OR","WHEAT",457.692293731977
"159",2009,"Drought","Wasco","OR","WHEAT",722.633005482077
"160",2013,"Drought","Wasco","OR","WHEAT",646.275397538485
"161",2014,"Drought","Wasco","OR","WHEAT",180.786114445836
"162",2015,"Drought","Wasco","OR","WHEAT",165.804361128675
