"","year","damagecause","county","state","commodity","cube_acres"
"141",2001,"Drought","Wallowa","OR","WHEAT",14.8545002916733
"142",2002,"Drought","Wallowa","OR","WHEAT",21.9276711002205
"143",2003,"Drought","Wallowa","OR","WHEAT",19.7909996396728
"144",2004,"Drought","Wallowa","OR","WHEAT",14.1015931615332
"145",2005,"Drought","Wallowa","OR","WHEAT",20.1566782887325
"146",2007,"Drought","Wallowa","OR","WHEAT",24.569561277147
"147",2008,"Drought","Wallowa","OR","WHEAT",9.2945356576715
"148",2013,"Drought","Wallowa","OR","WHEAT",9.63172419671105
"149",2014,"Drought","Wallowa","OR","WHEAT",34.7992747433055
"150",2015,"Drought","Wallowa","OR","WHEAT",27.1052458970178
