"","year","damagecause","county","state","commodity","loss"
"245",2001,"Drought","Asotin","WA","WHEAT",613110
"246",2002,"Drought","Asotin","WA","WHEAT",469354.06
"247",2003,"Drought","Asotin","WA","WHEAT",268018.6
"248",2004,"Drought","Asotin","WA","WHEAT",18477.4
"249",2005,"Drought","Asotin","WA","WHEAT",45172.4
"250",2006,"Drought","Asotin","WA","WHEAT",27670.4
"251",2007,"Drought","Asotin","WA","WHEAT",536419.4
"252",2008,"Drought","Asotin","WA","WHEAT",1291456.8
"253",2009,"Drought","Asotin","WA","WHEAT",772269.36
"254",2010,"Drought","Asotin","WA","WHEAT",111309.8
"255",2011,"Drought","Asotin","WA","WHEAT",11587
"256",2013,"Drought","Asotin","WA","WHEAT",228845
"257",2014,"Drought","Asotin","WA","WHEAT",94396
"258",2015,"Drought","Asotin","WA","WHEAT",133001.73
