"","year","damagecause","county","state","commodity","cube_loss"
"245",2001,"Drought","Asotin","WA","WHEAT",210.35224787089
"246",2002,"Drought","Asotin","WA","WHEAT",216.517834055417
"247",2003,"Drought","Asotin","WA","WHEAT",155.46746439941
"248",2004,"Drought","Asotin","WA","WHEAT",33.7664118700468
"249",2005,"Drought","Asotin","WA","WHEAT",85.9798857105438
"250",2006,"Drought","Asotin","WA","WHEAT",39.6987746502204
"251",2007,"Drought","Asotin","WA","WHEAT",196.529745969118
"252",2008,"Drought","Asotin","WA","WHEAT",226.513653617492
"253",2009,"Drought","Asotin","WA","WHEAT",113.477371549527
"254",2010,"Drought","Asotin","WA","WHEAT",95.1460020333872
"255",2011,"Drought","Asotin","WA","WHEAT",22.6285643987958
"256",2013,"Drought","Asotin","WA","WHEAT",136.874036053483
"257",2014,"Drought","Asotin","WA","WHEAT",72.1961908585595
"258",2015,"Drought","Asotin","WA","WHEAT",107.315150242774
