"","year","damagecause","county","state","commodity","acres"
"177",2001,"Drought","Asotin","WA","WHEAT",12541.105
"178",2002,"Drought","Asotin","WA","WHEAT",10125.12
"179",2003,"Drought","Asotin","WA","WHEAT",7458.94
"180",2004,"Drought","Asotin","WA","WHEAT",326.106
"181",2005,"Drought","Asotin","WA","WHEAT",1655.59
"182",2006,"Drought","Asotin","WA","WHEAT",431.62
"183",2007,"Drought","Asotin","WA","WHEAT",11051.085
"184",2008,"Drought","Asotin","WA","WHEAT",13381.68
"185",2009,"Drought","Asotin","WA","WHEAT",4400.637
"186",2010,"Drought","Asotin","WA","WHEAT",1680.63
"187",2011,"Drought","Asotin","WA","WHEAT",75.2
"188",2013,"Drought","Asotin","WA","WHEAT",2943.89
"189",2014,"Drought","Asotin","WA","WHEAT",1988.4
"190",2015,"Drought","Asotin","WA","WHEAT",2549.3945
