"","year","damagecause","county","state","commodity","(loss/acres)"
"163",2001,"Drought","Adams","WA","WHEAT",184.271337537883
"164",2002,"Drought","Adams","WA","WHEAT",201.250224161169
"165",2003,"Drought","Adams","WA","WHEAT",154.399231738563
"166",2004,"Drought","Adams","WA","WHEAT",231.525728211529
"167",2005,"Drought","Adams","WA","WHEAT",274.242675067467
"168",2006,"Drought","Adams","WA","WHEAT",100.492887739989
"169",2007,"Drought","Adams","WA","WHEAT",315.283293985725
"170",2008,"Drought","Adams","WA","WHEAT",609.117116878083
"171",2009,"Drought","Adams","WA","WHEAT",1402.92989972241
"172",2010,"Drought","Adams","WA","WHEAT",238.976991976956
"173",2012,"Drought","Adams","WA","WHEAT",222.351566686011
"174",2013,"Drought","Adams","WA","WHEAT",256.955656141299
"175",2014,"Drought","Adams","WA","WHEAT",473.418868890803
"176",2015,"Drought","Adams","WA","WHEAT",653.704714437361
