"","year","damagecause","county","state","commodity","pct_acreage"
"2",2001,"Drought","Asotin","WA","WHEAT",0.767403815264116
"30",2002,"Drought","Asotin","WA","WHEAT",0.835270174732325
"58",2003,"Drought","Asotin","WA","WHEAT",0.816054265474139
"85",2004,"Drought","Asotin","WA","WHEAT",0.179162385930984
"106",2005,"Drought","Asotin","WA","WHEAT",0.457722102725448
"131",2006,"Drought","Asotin","WA","WHEAT",0.0745040771658001
"154",2007,"Drought","Asotin","WA","WHEAT",0.853624690736262
"180",2008,"Drought","Asotin","WA","WHEAT",0.788285823181059
"207",2009,"Drought","Asotin","WA","WHEAT",0.182758751008142
"233",2010,"Drought","Asotin","WA","WHEAT",0.473941574757408
"254",2011,"Drought","Asotin","WA","WHEAT",0.0288757650925791
"288",2013,"Drought","Asotin","WA","WHEAT",0.27731381764899
"315",2014,"Drought","Asotin","WA","WHEAT",0.313458176412446
"343",2015,"Drought","Asotin","WA","WHEAT",0.163564795062378
