"","year","damagecause","county","state","commodity","acres"
"163",2001,"Drought","Adams","WA","WHEAT",37804.046
"164",2002,"Drought","Adams","WA","WHEAT",38297.3625
"165",2003,"Drought","Adams","WA","WHEAT",13543.1445
"166",2004,"Drought","Adams","WA","WHEAT",17515.0641
"167",2005,"Drought","Adams","WA","WHEAT",23437.5255
"168",2006,"Drought","Adams","WA","WHEAT",3762.7307
"169",2007,"Drought","Adams","WA","WHEAT",17812.3145
"170",2008,"Drought","Adams","WA","WHEAT",120648.4256
"171",2009,"Drought","Adams","WA","WHEAT",119511.0842
"172",2010,"Drought","Adams","WA","WHEAT",5410.0915
"173",2012,"Drought","Adams","WA","WHEAT",1398.368
"174",2013,"Drought","Adams","WA","WHEAT",6102.7262
"175",2014,"Drought","Adams","WA","WHEAT",104739.0899
"176",2015,"Drought","Adams","WA","WHEAT",132323.8124
