"","year","damagecause","county","state","commodity","loss"
"245",2001,"Drought","Asotin","WA","WHEAT",5.7875383996526
"246",2002,"Drought","Asotin","WA","WHEAT",5.67150057894625
"247",2003,"Drought","Asotin","WA","WHEAT",5.42816493431633
"248",2004,"Drought","Asotin","WA","WHEAT",4.26664086054788
"249",2005,"Drought","Asotin","WA","WHEAT",4.65487316514779
"250",2006,"Drought","Asotin","WA","WHEAT",4.44201543729553
"251",2007,"Drought","Asotin","WA","WHEAT",5.72950447604122
"252",2008,"Drought","Asotin","WA","WHEAT",6.11107988334293
"253",2009,"Drought","Asotin","WA","WHEAT",5.88776880442675
"254",2010,"Drought","Asotin","WA","WHEAT",5.046533402417
"255",2011,"Drought","Asotin","WA","WHEAT",4.06397100696476
"256",2013,"Drought","Asotin","WA","WHEAT",5.35954142803213
"257",2014,"Drought","Asotin","WA","WHEAT",4.97495359159962
"258",2015,"Drought","Asotin","WA","WHEAT",5.12385729002398
