"","year","damagecause","county","state","commodity","loss"
"220",1989,"Drought","Adams","WA","WHEAT",347784
"221",1990,"Drought","Adams","WA","WHEAT",294947
"222",1991,"Drought","Adams","WA","WHEAT",227522
"223",1992,"Drought","Adams","WA","WHEAT",706925
"224",1993,"Drought","Adams","WA","WHEAT",67405
"225",1994,"Drought","Adams","WA","WHEAT",80598
"226",1995,"Drought","Adams","WA","WHEAT",132737
"227",1996,"Drought","Adams","WA","WHEAT",1770
"228",1998,"Drought","Adams","WA","WHEAT",7726
"229",1999,"Drought","Adams","WA","WHEAT",248067
"230",2000,"Drought","Adams","WA","WHEAT",7361
"231",2001,"Drought","Adams","WA","WHEAT",794925.84
"232",2002,"Drought","Adams","WA","WHEAT",787829.9
"233",2003,"Drought","Adams","WA","WHEAT",316460.04
"234",2004,"Drought","Adams","WA","WHEAT",377753.33
"235",2005,"Drought","Adams","WA","WHEAT",650010.75
"236",2006,"Drought","Adams","WA","WHEAT",73258.15
"237",2007,"Drought","Adams","WA","WHEAT",805862.68
"238",2008,"Drought","Adams","WA","WHEAT",9016272.91
"239",2009,"Drought","Adams","WA","WHEAT",20445594.14
"240",2010,"Drought","Adams","WA","WHEAT",213180.24
"241",2012,"Drought","Adams","WA","WHEAT",49643.76
"242",2013,"Drought","Adams","WA","WHEAT",318269.09
"243",2014,"Drought","Adams","WA","WHEAT",6102258.06
"244",2015,"Drought","Adams","WA","WHEAT",10721197.76
