"","year","damagecause","county","state","commodity","loss"
"220",1989,"Drought","Adams","WA","WHEAT",5.54130959816253
"221",1990,"Drought","Adams","WA","WHEAT",5.46974398317995
"222",1991,"Drought","Adams","WA","WHEAT",5.35702339667074
"223",1992,"Drought","Adams","WA","WHEAT",5.84937334050988
"224",1993,"Drought","Adams","WA","WHEAT",4.8286921130319
"225",1994,"Drought","Adams","WA","WHEAT",4.90632426513337
"226",1995,"Drought","Adams","WA","WHEAT",5.12299199789116
"227",1996,"Drought","Adams","WA","WHEAT",3.24797326636181
"228",1998,"Drought","Adams","WA","WHEAT",3.8879547038088
"229",1999,"Drought","Adams","WA","WHEAT",5.39456899453773
"230",2000,"Drought","Adams","WA","WHEAT",3.86693681773164
"231",2001,"Drought","Adams","WA","WHEAT",5.90032661446645
"232",2002,"Drought","Adams","WA","WHEAT",5.89643245928423
"233",2003,"Drought","Adams","WA","WHEAT",5.50031887864046
"234",2004,"Drought","Adams","WA","WHEAT",5.57720830145382
"235",2005,"Drought","Adams","WA","WHEAT",5.81292053914605
"236",2006,"Drought","Adams","WA","WHEAT",4.86485594715768
"237",2007,"Drought","Adams","WA","WHEAT",5.90626104379132
"238",2008,"Drought","Adams","WA","WHEAT",6.95502704872497
"239",2009,"Drought","Adams","WA","WHEAT",7.31059973548093
"240",2010,"Drought","Adams","WA","WHEAT",5.32874694680541
"241",2012,"Drought","Adams","WA","WHEAT",4.69586466737566
"242",2013,"Drought","Adams","WA","WHEAT",5.50279446239015
"243",2014,"Drought","Adams","WA","WHEAT",6.78549056968859
"244",2015,"Drought","Adams","WA","WHEAT",7.03024330695195
