"","year","damagecause","county","state","commodity","(loss/acres)"
"177",2001,"Drought","Asotin","WA","WHEAT",213.71793772858
"178",2002,"Drought","Asotin","WA","WHEAT",211.704438820159
"179",2003,"Drought","Asotin","WA","WHEAT",154.771286185355
"180",2004,"Drought","Asotin","WA","WHEAT",75.8867961157936
"181",2005,"Drought","Asotin","WA","WHEAT",114.192045047792
"182",2006,"Drought","Asotin","WA","WHEAT",99.5936987147627
"183",2007,"Drought","Asotin","WA","WHEAT",203.05233080352
"184",2008,"Drought","Asotin","WA","WHEAT",424.182434292181
"185",2009,"Drought","Asotin","WA","WHEAT",277.605665321101
"186",2010,"Drought","Asotin","WA","WHEAT",206.097307252751
"187",2011,"Drought","Asotin","WA","WHEAT",155.082446808511
"188",2013,"Drought","Asotin","WA","WHEAT",442.268762143907
"189",2014,"Drought","Asotin","WA","WHEAT",127.289147211889
"190",2015,"Drought","Asotin","WA","WHEAT",242.576021414976
