"","year","damagecause","county","state","commodity","pct_acreage"
"1",2001,"Drought","Adams","WA","WHEAT",0.681764499019843
"29",2002,"Drought","Adams","WA","WHEAT",0.462399808990372
"57",2003,"Drought","Adams","WA","WHEAT",0.398669398046394
"84",2004,"Drought","Adams","WA","WHEAT",0.501409058788475
"105",2005,"Drought","Adams","WA","WHEAT",0.761029551543299
"130",2006,"Drought","Adams","WA","WHEAT",0.0815544918351858
"153",2007,"Drought","Adams","WA","WHEAT",0.618817475691728
"179",2008,"Drought","Adams","WA","WHEAT",0.826517448120625
"206",2009,"Drought","Adams","WA","WHEAT",0.510271795691305
"232",2010,"Drought","Adams","WA","WHEAT",0.326298697666215
"264",2012,"Drought","Adams","WA","WHEAT",0.0775159300988096
"287",2013,"Drought","Adams","WA","WHEAT",0.143400965089733
"314",2014,"Drought","Adams","WA","WHEAT",0.648076193266165
"342",2015,"Drought","Adams","WA","WHEAT",0.609021422021527
