"","year","damagecause","county","state","commodity","cube_acres"
"177",2001,"Drought","Asotin","WA","WHEAT",56.8515545762384
"178",2002,"Drought","Asotin","WA","WHEAT",62.7259797619989
"179",2003,"Drought","Asotin","WA","WHEAT",47.5880782494784
"180",2004,"Drought","Asotin","WA","WHEAT",10.3396002442912
"181",2005,"Drought","Asotin","WA","WHEAT",28.6978148812778
"182",2006,"Drought","Asotin","WA","WHEAT",11.8277045620599
"183",2007,"Drought","Asotin","WA","WHEAT",56.3198521076216
"184",2008,"Drought","Asotin","WA","WHEAT",50.4512316428147
"185",2009,"Drought","Asotin","WA","WHEAT",21.0382887181631
"186",2010,"Drought","Asotin","WA","WHEAT",24.3183941016655
"187",2011,"Drought","Asotin","WA","WHEAT",4.2209085889803
"188",2013,"Drought","Asotin","WA","WHEAT",30.6619102216377
"189",2014,"Drought","Asotin","WA","WHEAT",19.2380698316634
"190",2015,"Drought","Asotin","WA","WHEAT",28.0276619048967
