"","year","damagecause","county","state","commodity","cube_acres"
"163",2001,"Drought","Adams","WA","WHEAT",103.541589824104
"164",2002,"Drought","Adams","WA","WHEAT",126.484188109071
"165",2003,"Drought","Adams","WA","WHEAT",81.4695597474012
"166",2004,"Drought","Adams","WA","WHEAT",95.1501840320174
"167",2005,"Drought","Adams","WA","WHEAT",108.766151694024
"168",2006,"Drought","Adams","WA","WHEAT",46.4640225280621
"169",2007,"Drought","Adams","WA","WHEAT",87.1999567307549
"170",2008,"Drought","Adams","WA","WHEAT",174.731867702469
"171",2009,"Drought","Adams","WA","WHEAT",201.532329682643
"172",2010,"Drought","Adams","WA","WHEAT",55.4277712932048
"173",2012,"Drought","Adams","WA","WHEAT",36.2071937671155
"174",2013,"Drought","Adams","WA","WHEAT",34.875435209431
"175",2014,"Drought","Adams","WA","WHEAT",136.084548991583
"176",2015,"Drought","Adams","WA","WHEAT",176.933571890003
