"","year","damagecause","county","state","commodity","cube_loss"
"220",1989,"Drought","Adams","WA","WHEAT",130.840892830393
"221",1990,"Drought","Adams","WA","WHEAT",182.944555041721
"222",1991,"Drought","Adams","WA","WHEAT",165.884646846681
"223",1992,"Drought","Adams","WA","WHEAT",257.676141731561
"224",1993,"Drought","Adams","WA","WHEAT",149.815566718453
"225",1994,"Drought","Adams","WA","WHEAT",104.933624574587
"226",1995,"Drought","Adams","WA","WHEAT",128.794490978988
"227",1996,"Drought","Adams","WA","WHEAT",19.1983769954824
"228",1998,"Drought","Adams","WA","WHEAT",39.2736598873021
"229",1999,"Drought","Adams","WA","WHEAT",216.187947568437
"230",2000,"Drought","Adams","WA","WHEAT",40.0105903720067
"231",2001,"Drought","Adams","WA","WHEAT",285.473841836047
"232",2002,"Drought","Adams","WA","WHEAT",342.199317260553
"233",2003,"Drought","Adams","WA","WHEAT",226.07617173511
"234",2004,"Drought","Adams","WA","WHEAT",266.121005882112
"235",2005,"Drought","Adams","WA","WHEAT",331.604942800548
"236",2006,"Drought","Adams","WA","WHEAT",115.488110618027
"237",2007,"Drought","Adams","WA","WHEAT",309.879549371376
"238",2008,"Drought","Adams","WA","WHEAT",726.57718849915
"239",2009,"Drought","Adams","WA","WHEAT",1087.68206138369
"240",2010,"Drought","Adams","WA","WHEAT",187.290749051822
"241",2012,"Drought","Adams","WA","WHEAT",113.398941151786
"242",2013,"Drought","Adams","WA","WHEAT",135.834760747186
"243",2014,"Drought","Adams","WA","WHEAT",538.608992811725
"244",2015,"Drought","Adams","WA","WHEAT",764.189003463542
