"","year","damagecause","county","state","commodity","cube_loss"
"259",1989,"Drought","Benton","WA","WHEAT",116.200970107546
"260",1990,"Drought","Benton","WA","WHEAT",321.940347666561
"261",1991,"Drought","Benton","WA","WHEAT",385.699694719915
"262",1992,"Drought","Benton","WA","WHEAT",334.755877488483
"263",1993,"Drought","Benton","WA","WHEAT",85.9884933392108
"264",1994,"Drought","Benton","WA","WHEAT",19.7254140469523
"265",1995,"Drought","Benton","WA","WHEAT",14.2686224160576
"266",1997,"Drought","Benton","WA","WHEAT",13.1308288546923
"267",1999,"Drought","Benton","WA","WHEAT",278.747903553267
"268",2000,"Drought","Benton","WA","WHEAT",236.124084546242
"269",2001,"Drought","Benton","WA","WHEAT",403.87965871005
"270",2002,"Drought","Benton","WA","WHEAT",345.641059383444
"271",2003,"Drought","Benton","WA","WHEAT",268.235615154786
"272",2004,"Drought","Benton","WA","WHEAT",245.020463579949
"273",2005,"Drought","Benton","WA","WHEAT",173.047091779167
"274",2007,"Drought","Benton","WA","WHEAT",23.4656204696008
"275",2008,"Drought","Benton","WA","WHEAT",258.19277264375
"276",2009,"Drought","Benton","WA","WHEAT",331.663144793187
"277",2010,"Drought","Benton","WA","WHEAT",93.3131731704043
"278",2012,"Drought","Benton","WA","WHEAT",144.196182623406
"279",2013,"Drought","Benton","WA","WHEAT",244.05543899085
"280",2014,"Drought","Benton","WA","WHEAT",439.644212433947
"281",2015,"Drought","Benton","WA","WHEAT",559.090157816215
