"","year","damagecause","county","state","commodity","loss"
"259",1989,"Drought","Benton","WA","WHEAT",222981
"260",1990,"Drought","Benton","WA","WHEAT",1630583
"261",1991,"Drought","Benton","WA","WHEAT",1755708
"262",1992,"Drought","Benton","WA","WHEAT",1177683
"263",1993,"Drought","Benton","WA","WHEAT",75931
"264",1994,"Drought","Benton","WA","WHEAT",7675
"265",1995,"Drought","Benton","WA","WHEAT",2905
"266",1997,"Drought","Benton","WA","WHEAT",2264
"267",1999,"Drought","Benton","WA","WHEAT",763053
"268",2000,"Drought","Benton","WA","WHEAT",535128
"269",2001,"Drought","Benton","WA","WHEAT",2201230
"270",2002,"Drought","Benton","WA","WHEAT",1764144.18
"271",2003,"Drought","Benton","WA","WHEAT",600388.16
"272",2004,"Drought","Benton","WA","WHEAT",301058
"273",2005,"Drought","Benton","WA","WHEAT",336748
"274",2007,"Drought","Benton","WA","WHEAT",12921
"275",2008,"Drought","Benton","WA","WHEAT",382352.32
"276",2009,"Drought","Benton","WA","WHEAT",1287615.37
"277",2010,"Drought","Benton","WA","WHEAT",50737
"278",2012,"Drought","Benton","WA","WHEAT",138153.2
"279",2013,"Drought","Benton","WA","WHEAT",558884.55
"280",2014,"Drought","Benton","WA","WHEAT",2370797.99
"281",2015,"Drought","Benton","WA","WHEAT",3912660.78
