"","year","damagecause","county","state","commodity","(loss/acres)"
"191",2001,"Drought","Benton","WA","WHEAT",148.100117082452
"192",2002,"Drought","Benton","WA","WHEAT",146.016499066785
"193",2003,"Drought","Benton","WA","WHEAT",153.127723761725
"194",2004,"Drought","Benton","WA","WHEAT",225.99745007649
"195",2005,"Drought","Benton","WA","WHEAT",119.473593224234
"196",2007,"Drought","Benton","WA","WHEAT",43.1731183497617
"197",2008,"Drought","Benton","WA","WHEAT",182.469624528158
"198",2009,"Drought","Benton","WA","WHEAT",507.666416973818
"199",2010,"Drought","Benton","WA","WHEAT",113.833422930326
"200",2012,"Drought","Benton","WA","WHEAT",280.047191225798
"201",2013,"Drought","Benton","WA","WHEAT",363.342757641217
"202",2014,"Drought","Benton","WA","WHEAT",464.807620515882
"203",2015,"Drought","Benton","WA","WHEAT",501.809493950987
