"","year","damagecause","county","state","commodity","acres"
"191",2001,"Drought","Benton","WA","WHEAT",84562.33
"192",2002,"Drought","Benton","WA","WHEAT",63200.7999
"193",2003,"Drought","Benton","WA","WHEAT",23431.4979
"194",2004,"Drought","Benton","WA","WHEAT",10492.37
"195",2005,"Drought","Benton","WA","WHEAT",12232.02
"196",2007,"Drought","Benton","WA","WHEAT",306.38
"197",2008,"Drought","Benton","WA","WHEAT",14991.8163
"198",2009,"Drought","Benton","WA","WHEAT",20871.5102
"199",2010,"Drought","Benton","WA","WHEAT",2405.69
"200",2012,"Drought","Benton","WA","WHEAT",3572.29
"201",2013,"Drought","Benton","WA","WHEAT",12385.337
"202",2014,"Drought","Benton","WA","WHEAT",38557.8697
"203",2015,"Drought","Benton","WA","WHEAT",61121.656
