"","year","damagecause","county","state","commodity","cube_acres"
"191",2001,"Drought","Benton","WA","WHEAT",148.406609829194
"192",2002,"Drought","Benton","WA","WHEAT",117.252132217962
"193",2003,"Drought","Benton","WA","WHEAT",97.4325483738163
"194",2004,"Drought","Benton","WA","WHEAT",81.1225379269577
"195",2005,"Drought","Benton","WA","WHEAT",67.9928715099755
"196",2007,"Drought","Benton","WA","WHEAT",6.74145237216416
"197",2008,"Drought","Benton","WA","WHEAT",89.2073042007576
"198",2009,"Drought","Benton","WA","WHEAT",85.3307986825771
"199",2010,"Drought","Benton","WA","WHEAT",37.3178416451381
"200",2012,"Drought","Benton","WA","WHEAT",42.5608049598272
"201",2013,"Drought","Benton","WA","WHEAT",65.6028393566314
"202",2014,"Drought","Benton","WA","WHEAT",110.659677790754
"203",2015,"Drought","Benton","WA","WHEAT",141.061531272966
