"","year","damagecause","county","state","commodity","loss"
"259",1989,"Drought","Benton","WA","WHEAT",5.34826785880286
"260",1990,"Drought","Benton","WA","WHEAT",6.21234291017943
"261",1991,"Drought","Benton","WA","WHEAT",6.24445228803156
"262",1992,"Drought","Benton","WA","WHEAT",6.07102840600475
"263",1993,"Drought","Benton","WA","WHEAT",4.88041911950945
"264",1994,"Drought","Benton","WA","WHEAT",3.88507838414922
"265",1995,"Drought","Benton","WA","WHEAT",3.46314613672635
"266",1997,"Drought","Benton","WA","WHEAT",3.35487642251623
"267",1999,"Drought","Benton","WA","WHEAT",5.88255470415166
"268",2000,"Drought","Benton","WA","WHEAT",5.72845767556284
"269",2001,"Drought","Benton","WA","WHEAT",6.34266542306774
"270",2002,"Drought","Benton","WA","WHEAT",6.24653407627175
"271",2003,"Drought","Benton","WA","WHEAT",5.77843211911859
"272",2004,"Drought","Benton","WA","WHEAT",5.47865017218324
"273",2005,"Drought","Benton","WA","WHEAT",5.52730502505859
"274",2007,"Drought","Benton","WA","WHEAT",4.11129612648226
"275",2008,"Drought","Benton","WA","WHEAT",5.58246372970251
"276",2009,"Drought","Benton","WA","WHEAT",6.10978615212848
"277",2010,"Drought","Benton","WA","WHEAT",4.70532478448674
"278",2012,"Drought","Benton","WA","WHEAT",5.14036094879829
"279",2013,"Drought","Benton","WA","WHEAT",5.74732210399327
"280",2014,"Drought","Benton","WA","WHEAT",6.37489455036541
"281",2015,"Drought","Benton","WA","WHEAT",6.59247219705473
