"","year","damagecause","county","state","commodity","pct_acreage"
"4",2001,"Drought","Benton","WA","WHEAT",0.959329563281107
"32",2002,"Drought","Benton","WA","WHEAT",0.991085361164498
"60",2003,"Drought","Benton","WA","WHEAT",0.846657718853172
"87",2004,"Drought","Benton","WA","WHEAT",0.440312521900495
"108",2005,"Drought","Benton","WA","WHEAT",0.968413402274881
"156",2007,"Drought","Benton","WA","WHEAT",0.424749071147341
"182",2008,"Drought","Benton","WA","WHEAT",0.847565390595505
"209",2009,"Drought","Benton","WA","WHEAT",0.409191795810745
"235",2010,"Drought","Benton","WA","WHEAT",0.672433118384164
"265",2012,"Drought","Benton","WA","WHEAT",0.78018210051127
"290",2013,"Drought","Benton","WA","WHEAT",0.367692481479684
"317",2014,"Drought","Benton","WA","WHEAT",0.726063524197452
"345",2015,"Drought","Benton","WA","WHEAT",0.811406429796926
