"","year","damagecause","county","state","commodity","cube_acres"
"204",2001,"Drought","Columbia","WA","WHEAT",51.9274174176699
"205",2002,"Drought","Columbia","WA","WHEAT",51.0585179667224
"206",2003,"Drought","Columbia","WA","WHEAT",39.471100267437
"207",2005,"Drought","Columbia","WA","WHEAT",50.9312805073667
"208",2006,"Drought","Columbia","WA","WHEAT",33.5502661553244
"209",2007,"Drought","Columbia","WA","WHEAT",27.2207727224425
"210",2008,"Drought","Columbia","WA","WHEAT",52.762146494634
"211",2009,"Drought","Columbia","WA","WHEAT",35.6453990835302
"212",2010,"Drought","Columbia","WA","WHEAT",17.9411429096307
"213",2012,"Drought","Columbia","WA","WHEAT",8.68085365399994
"214",2013,"Drought","Columbia","WA","WHEAT",31.925623886321
"215",2014,"Drought","Columbia","WA","WHEAT",95.9247188024524
"216",2015,"Drought","Columbia","WA","WHEAT",118.644203900203
