"","year","damagecause","county","state","commodity","(loss/acres)"
"204",2001,"Drought","Columbia","WA","WHEAT",137.049742700396
"205",2002,"Drought","Columbia","WA","WHEAT",159.30303452869
"206",2003,"Drought","Columbia","WA","WHEAT",80.7920703219806
"207",2005,"Drought","Columbia","WA","WHEAT",208.380153194503
"208",2006,"Drought","Columbia","WA","WHEAT",167.199412019427
"209",2007,"Drought","Columbia","WA","WHEAT",296.394648450996
"210",2008,"Drought","Columbia","WA","WHEAT",279.894001437097
"211",2009,"Drought","Columbia","WA","WHEAT",968.146058588084
"212",2010,"Drought","Columbia","WA","WHEAT",138.572192910554
"213",2012,"Drought","Columbia","WA","WHEAT",233.472082731421
"214",2013,"Drought","Columbia","WA","WHEAT",517.123559272729
"215",2014,"Drought","Columbia","WA","WHEAT",503.126456481097
"216",2015,"Drought","Columbia","WA","WHEAT",724.318122714776
