"","year","damagecause","county","state","commodity","loss"
"287",2001,"Drought","Columbia","WA","WHEAT",214777.1
"288",2002,"Drought","Columbia","WA","WHEAT",141978.4
"289",2003,"Drought","Columbia","WA","WHEAT",143091.14
"290",2005,"Drought","Columbia","WA","WHEAT",742753.8
"291",2006,"Drought","Columbia","WA","WHEAT",181401
"292",2007,"Drought","Columbia","WA","WHEAT",217349.6
"293",2008,"Drought","Columbia","WA","WHEAT",353354.6
"294",2009,"Drought","Columbia","WA","WHEAT",321780.42
"295",2010,"Drought","Columbia","WA","WHEAT",86959
"296",2012,"Drought","Columbia","WA","WHEAT",152075.1
"297",2013,"Drought","Columbia","WA","WHEAT",532081.15
"298",2014,"Drought","Columbia","WA","WHEAT",3475396.28
"299",2015,"Drought","Columbia","WA","WHEAT",3840939.13
