"","year","damagecause","county","state","commodity","loss"
"287",2001,"Drought","Columbia","WA","WHEAT",5.3319879740768
"288",2002,"Drought","Columbia","WA","WHEAT",5.1522222776623
"289",2003,"Drought","Columbia","WA","WHEAT",5.15561274369525
"290",2005,"Drought","Columbia","WA","WHEAT",5.8708448823738
"291",2006,"Drought","Columbia","WA","WHEAT",5.25863967684362
"292",2007,"Drought","Columbia","WA","WHEAT",5.33715884527242
"293",2008,"Drought","Columbia","WA","WHEAT",5.54821074936975
"294",2009,"Drought","Columbia","WA","WHEAT",5.5075596142047
"295",2010,"Drought","Columbia","WA","WHEAT",4.93931453686275
"296",2012,"Drought","Columbia","WA","WHEAT",5.18205811071401
"297",2013,"Drought","Columbia","WA","WHEAT",5.72597787347839
"298",2014,"Drought","Columbia","WA","WHEAT",6.54100433192037
"299",2015,"Drought","Columbia","WA","WHEAT",6.58443742465682
