"","year","damagecause","county","state","commodity","cube_loss"
"287",2001,"Drought","Columbia","WA","WHEAT",156.313885875844
"288",2002,"Drought","Columbia","WA","WHEAT",140.794237520483
"289",2003,"Drought","Columbia","WA","WHEAT",108.763635504054
"290",2005,"Drought","Columbia","WA","WHEAT",186.907613505159
"291",2006,"Drought","Columbia","WA","WHEAT",117.19185744566
"292",2007,"Drought","Columbia","WA","WHEAT",114.354521353608
"293",2008,"Drought","Columbia","WA","WHEAT",183.098476312813
"294",2009,"Drought","Columbia","WA","WHEAT",197.357741323879
"295",2010,"Drought","Columbia","WA","WHEAT",70.0000094864738
"296",2012,"Drought","Columbia","WA","WHEAT",53.3768208678118
"297",2013,"Drought","Columbia","WA","WHEAT",163.009572601515
"298",2014,"Drought","Columbia","WA","WHEAT",404.804038690517
"299",2015,"Drought","Columbia","WA","WHEAT",532.974849076787
