"","year","damagecause","county","state","commodity","pct_acreage"
"5",2001,"Drought","Columbia","WA","WHEAT",0.904631195637167
"33",2002,"Drought","Columbia","WA","WHEAT",0.741466058870824
"61",2003,"Drought","Columbia","WA","WHEAT",0.71728736610224
"109",2005,"Drought","Columbia","WA","WHEAT",0.948185351399228
"133",2006,"Drought","Columbia","WA","WHEAT",0.401470166403818
"157",2007,"Drought","Columbia","WA","WHEAT",0.360303294419006
"183",2008,"Drought","Columbia","WA","WHEAT",0.547294749003093
"210",2009,"Drought","Columbia","WA","WHEAT",0.0284862346862467
"236",2010,"Drought","Columbia","WA","WHEAT",0.263058096770393
"266",2012,"Drought","Columbia","WA","WHEAT",0.161558523026161
"291",2013,"Drought","Columbia","WA","WHEAT",0.1724560321011
"318",2014,"Drought","Columbia","WA","WHEAT",0.88620669064402
"346",2015,"Drought","Columbia","WA","WHEAT",0.58502465644395
