"","year","damagecause","county","state","commodity","acres"
"204",2001,"Drought","Columbia","WA","WHEAT",6814.3335
"205",2002,"Drought","Columbia","WA","WHEAT",6114.27
"206",2003,"Drought","Columbia","WA","WHEAT",7586.8202
"207",2005,"Drought","Columbia","WA","WHEAT",14098.824
"208",2006,"Drought","Columbia","WA","WHEAT",3596.984
"209",2007,"Drought","Columbia","WA","WHEAT",2465.456
"210",2008,"Drought","Columbia","WA","WHEAT",6608.502
"211",2009,"Drought","Columbia","WA","WHEAT",1946.8806
"212",2010,"Drought","Columbia","WA","WHEAT",1630.1
"213",2012,"Drought","Columbia","WA","WHEAT",654.165
"214",2013,"Drought","Columbia","WA","WHEAT",3847.6899
"215",2014,"Drought","Columbia","WA","WHEAT",40078.2372
"216",2015,"Drought","Columbia","WA","WHEAT",41044.2359
