"","year","damagecause","county","state","commodity","cube_acres"
"217",2001,"Drought","Douglas","WA","WHEAT",73.4082155389196
"218",2002,"Drought","Douglas","WA","WHEAT",111.726499552446
"219",2003,"Drought","Douglas","WA","WHEAT",117.670365741485
"220",2004,"Drought","Douglas","WA","WHEAT",62.2268821285473
"221",2005,"Drought","Douglas","WA","WHEAT",52.4342740581654
"222",2006,"Drought","Douglas","WA","WHEAT",17.8054906239208
"223",2007,"Drought","Douglas","WA","WHEAT",42.542984299807
"224",2008,"Drought","Douglas","WA","WHEAT",119.095475503528
"225",2009,"Drought","Douglas","WA","WHEAT",178.834813441208
"226",2010,"Drought","Douglas","WA","WHEAT",103.836037360671
"227",2011,"Drought","Douglas","WA","WHEAT",8.48680767863303
"228",2012,"Drought","Douglas","WA","WHEAT",95.6292086444441
"229",2013,"Drought","Douglas","WA","WHEAT",83.5877826136526
"230",2014,"Drought","Douglas","WA","WHEAT",135.027641832706
"231",2015,"Drought","Douglas","WA","WHEAT",101.711561186912
