"","year","damagecause","county","state","commodity","cube_loss"
"300",2001,"Drought","Douglas","WA","WHEAT",186.085849521922
"301",2002,"Drought","Douglas","WA","WHEAT",342.600491659809
"302",2003,"Drought","Douglas","WA","WHEAT",416.739223314025
"303",2004,"Drought","Douglas","WA","WHEAT",168.155400010342
"304",2005,"Drought","Douglas","WA","WHEAT",152.185570739163
"305",2006,"Drought","Douglas","WA","WHEAT",58.9706982515871
"306",2007,"Drought","Douglas","WA","WHEAT",138.846249136153
"307",2008,"Drought","Douglas","WA","WHEAT",455.625150597704
"308",2009,"Drought","Douglas","WA","WHEAT",965.049292095048
"309",2010,"Drought","Douglas","WA","WHEAT",356.419758299803
"310",2011,"Drought","Douglas","WA","WHEAT",28.6631658485572
"311",2012,"Drought","Douglas","WA","WHEAT",377.895211739798
"312",2013,"Drought","Douglas","WA","WHEAT",305.34238237265
"313",2014,"Drought","Douglas","WA","WHEAT",498.553507118834
"314",2015,"Drought","Douglas","WA","WHEAT",383.650743277132
