"","year","damagecause","county","state","commodity","(loss/acres)"
"217",2001,"Drought","Douglas","WA","WHEAT",103.078419578723
"218",2002,"Drought","Douglas","WA","WHEAT",350.838263525314
"219",2003,"Drought","Douglas","WA","WHEAT",452.06575681106
"220",2004,"Drought","Douglas","WA","WHEAT",121.408617621933
"221",2005,"Drought","Douglas","WA","WHEAT",196.100780533879
"222",2006,"Drought","Douglas","WA","WHEAT",92.3317943615651
"223",2007,"Drought","Douglas","WA","WHEAT",183.27199362987
"224",2008,"Drought","Douglas","WA","WHEAT",553.901848990917
"225",2009,"Drought","Douglas","WA","WHEAT",1325.67143869953
"226",2010,"Drought","Douglas","WA","WHEAT",299.178137897941
"227",2011,"Drought","Douglas","WA","WHEAT",39.5247108479068
"228",2012,"Drought","Douglas","WA","WHEAT",434.764493913838
"229",2013,"Drought","Douglas","WA","WHEAT",436.965111138508
"230",2014,"Drought","Douglas","WA","WHEAT",370.984518324448
"231",2015,"Drought","Douglas","WA","WHEAT",419.222086615493
