"","year","damagecause","county","state","commodity","pct_acreage"
"6",2001,"Drought","Douglas","WA","WHEAT",0.775807315318368
"34",2002,"Drought","Douglas","WA","WHEAT",0.934007675251206
"62",2003,"Drought","Douglas","WA","WHEAT",0.90586179295914
"88",2004,"Drought","Douglas","WA","WHEAT",0.869190768260398
"110",2005,"Drought","Douglas","WA","WHEAT",0.648443674569439
"134",2006,"Drought","Douglas","WA","WHEAT",0.119794016293312
"158",2007,"Drought","Douglas","WA","WHEAT",0.291329535145015
"184",2008,"Drought","Douglas","WA","WHEAT",0.918553536768585
"211",2009,"Drought","Douglas","WA","WHEAT",0.807351191439321
"237",2010,"Drought","Douglas","WA","WHEAT",0.706057476411732
"255",2011,"Drought","Douglas","WA","WHEAT",0.0433767163179287
"267",2012,"Drought","Douglas","WA","WHEAT",0.684965082033094
"292",2013,"Drought","Douglas","WA","WHEAT",0.275109461699655
"319",2014,"Drought","Douglas","WA","WHEAT",0.9288615485382
"347",2015,"Drought","Douglas","WA","WHEAT",0.508126630891567
