"","year","damagecause","county","state","commodity","loss"
"300",2001,"Drought","Douglas","WA","WHEAT",232133.48
"301",2002,"Drought","Douglas","WA","WHEAT",790615.6
"302",2003,"Drought","Douglas","WA","WHEAT",1596333.35
"303",2004,"Drought","Douglas","WA","WHEAT",178696.6
"304",2005,"Drought","Douglas","WA","WHEAT",96607.6
"305",2006,"Drought","Douglas","WA","WHEAT",79009.69
"306",2007,"Drought","Douglas","WA","WHEAT",143030.17
"307",2008,"Drought","Douglas","WA","WHEAT",2371952.32
"308",2009,"Drought","Douglas","WA","WHEAT",17009667.67
"309",2010,"Drought","Douglas","WA","WHEAT",1679664.47
"310",2011,"Drought","Douglas","WA","WHEAT",23549
"311",2012,"Drought","Douglas","WA","WHEAT",1611528.79
"312",2013,"Drought","Douglas","WA","WHEAT",787567.15
"313",2014,"Drought","Douglas","WA","WHEAT",4724911.51
"314",2015,"Drought","Douglas","WA","WHEAT",3621658.27
