"","year","damagecause","county","state","commodity","loss"
"300",2001,"Drought","Douglas","WA","WHEAT",5.36573778212183
"301",2002,"Drought","Douglas","WA","WHEAT",5.89796537935564
"302",2003,"Drought","Douglas","WA","WHEAT",6.20312358685724
"303",2004,"Drought","Douglas","WA","WHEAT",5.25211628940947
"304",2005,"Drought","Douglas","WA","WHEAT",4.98501129316736
"305",2006,"Drought","Douglas","WA","WHEAT",4.89768035781523
"306",2007,"Drought","Douglas","WA","WHEAT",5.15542765482534
"307",2008,"Drought","Douglas","WA","WHEAT",6.37510595477274
"308",2009,"Drought","Douglas","WA","WHEAT",7.23069582857464
"309",2010,"Drought","Douglas","WA","WHEAT",6.22522253566577
"310",2011,"Drought","Douglas","WA","WHEAT",4.37197246969409
"311",2012,"Drought","Douglas","WA","WHEAT",6.20723806859886
"312",2013,"Drought","Douglas","WA","WHEAT",5.8962875931044
"313",2014,"Drought","Douglas","WA","WHEAT",6.67439367928368
"314",2015,"Drought","Douglas","WA","WHEAT",6.55890746904404
