"","year","damagecause","county","state","commodity","acres"
"217",2001,"Drought","Douglas","WA","WHEAT",14270.2882
"218",2002,"Drought","Douglas","WA","WHEAT",25686.5
"219",2003,"Drought","Douglas","WA","WHEAT",29204.4271
"220",2004,"Drought","Douglas","WA","WHEAT",8100.16
"221",2005,"Drought","Douglas","WA","WHEAT",3835.1423
"222",2006,"Drought","Douglas","WA","WHEAT",2540.8227
"223",2007,"Drought","Douglas","WA","WHEAT",3959.3694
"224",2008,"Drought","Douglas","WA","WHEAT",46789.9506
"225",2009,"Drought","Douglas","WA","WHEAT",104470.3137
"226",2010,"Drought","Douglas","WA","WHEAT",38379.3393
"227",2011,"Drought","Douglas","WA","WHEAT",611.27
"228",2012,"Drought","Douglas","WA","WHEAT",25024.4554
"229",2013,"Drought","Douglas","WA","WHEAT",14167.911
"230",2014,"Drought","Douglas","WA","WHEAT",93577.218
"231",2015,"Drought","Douglas","WA","WHEAT",61154.6796
