"","year","damagecause","county","state","commodity","loss"
"315",1989,"Drought","Franklin","WA","WHEAT",4.22775819611091
"316",1990,"Drought","Franklin","WA","WHEAT",3.35907622605926
"317",1991,"Drought","Franklin","WA","WHEAT",5.63392775678112
"318",1992,"Drought","Franklin","WA","WHEAT",4.86283474828689
"319",1993,"Drought","Franklin","WA","WHEAT",3.80942502879703
"320",1994,"Drought","Franklin","WA","WHEAT",4.92493540208956
"321",1995,"Drought","Franklin","WA","WHEAT",3.99973934510657
"322",1997,"Drought","Franklin","WA","WHEAT",3.5398285583779
"323",1999,"Drought","Franklin","WA","WHEAT",5.87726362287159
"324",2000,"Drought","Franklin","WA","WHEAT",5.44110258323129
"325",2001,"Drought","Franklin","WA","WHEAT",5.70372994023313
"326",2002,"Drought","Franklin","WA","WHEAT",5.32956025683051
"327",2003,"Drought","Franklin","WA","WHEAT",5.37325394883135
"328",2004,"Drought","Franklin","WA","WHEAT",4.74311927294136
"329",2005,"Drought","Franklin","WA","WHEAT",4.36057448139663
"330",2006,"Drought","Franklin","WA","WHEAT",3.84353175887873
"331",2007,"Drought","Franklin","WA","WHEAT",4.78880166789653
"332",2008,"Drought","Franklin","WA","WHEAT",5.84488642501195
"333",2009,"Drought","Franklin","WA","WHEAT",6.23818352429168
"334",2010,"Drought","Franklin","WA","WHEAT",4.9251748699039
"335",2011,"Drought","Franklin","WA","WHEAT",4.7499680835094
"336",2012,"Drought","Franklin","WA","WHEAT",4.99432885690221
"337",2013,"Drought","Franklin","WA","WHEAT",5.5966198322715
"338",2014,"Drought","Franklin","WA","WHEAT",6.44893436508466
"339",2015,"Drought","Franklin","WA","WHEAT",6.69673944574618
