"","year","damagecause","county","state","commodity","cube_acres"
"232",2001,"Drought","Franklin","WA","WHEAT",67.0808530347476
"233",2002,"Drought","Franklin","WA","WHEAT",65.9296365161617
"234",2003,"Drought","Franklin","WA","WHEAT",43.9679560438138
"235",2004,"Drought","Franklin","WA","WHEAT",53.1736108440324
"236",2005,"Drought","Franklin","WA","WHEAT",27.6499002111198
"237",2006,"Drought","Franklin","WA","WHEAT",8.441232459299
"238",2007,"Drought","Franklin","WA","WHEAT",25.2071336697001
"239",2008,"Drought","Franklin","WA","WHEAT",74.7991379524737
"240",2009,"Drought","Franklin","WA","WHEAT",79.0896338028822
"241",2010,"Drought","Franklin","WA","WHEAT",48.2295504058968
"242",2011,"Drought","Franklin","WA","WHEAT",8.14325284978472
"243",2012,"Drought","Franklin","WA","WHEAT",32.490776335102
"244",2013,"Drought","Franklin","WA","WHEAT",55.7162336230507
"245",2014,"Drought","Franklin","WA","WHEAT",103.364647459604
"246",2015,"Drought","Franklin","WA","WHEAT",127.38608460446
