"","year","damagecause","county","state","commodity","acres"
"232",2001,"Drought","Franklin","WA","WHEAT",18694.1901
"233",2002,"Drought","Franklin","WA","WHEAT",11068.5133
"234",2003,"Drought","Franklin","WA","WHEAT",8452.7562
"235",2004,"Drought","Franklin","WA","WHEAT",4279.4141
"236",2005,"Drought","Franklin","WA","WHEAT",1092.39
"237",2006,"Drought","Franklin","WA","WHEAT",601.475
"238",2007,"Drought","Franklin","WA","WHEAT",1105.442
"239",2008,"Drought","Franklin","WA","WHEAT",23706.5
"240",2009,"Drought","Franklin","WA","WHEAT",14416.195
"241",2010,"Drought","Franklin","WA","WHEAT",3670.7625
"242",2011,"Drought","Franklin","WA","WHEAT",540
"243",2012,"Drought","Franklin","WA","WHEAT",1414.2354
"244",2013,"Drought","Franklin","WA","WHEAT",9490.8431
"245",2014,"Drought","Franklin","WA","WHEAT",42870.0709
"246",2015,"Drought","Franklin","WA","WHEAT",49207.3903
