"","year","damagecause","county","state","commodity","cube_loss"
"315",1989,"Drought","Franklin","WA","WHEAT",38.6305748566614
"316",1990,"Drought","Franklin","WA","WHEAT",13.1732239587627
"317",1991,"Drought","Franklin","WA","WHEAT",191.098386931793
"318",1992,"Drought","Franklin","WA","WHEAT",84.1614210320691
"319",1993,"Drought","Franklin","WA","WHEAT",18.612655664161
"320",1994,"Drought","Franklin","WA","WHEAT",115.822022796502
"321",1995,"Drought","Franklin","WA","WHEAT",47.6234698669787
"322",1997,"Drought","Franklin","WA","WHEAT",15.1336209760296
"323",1999,"Drought","Franklin","WA","WHEAT",253.099355863141
"324",2000,"Drought","Franklin","WA","WHEAT",191.979585800145
"325",2001,"Drought","Franklin","WA","WHEAT",198.240905014501
"326",2002,"Drought","Franklin","WA","WHEAT",161.092356163948
"327",2003,"Drought","Franklin","WA","WHEAT",119.804288466495
"328",2004,"Drought","Franklin","WA","WHEAT",111.512764971309
"329",2005,"Drought","Franklin","WA","WHEAT",77.0390945597872
"330",2006,"Drought","Franklin","WA","WHEAT",19.1063290520966
"331",2007,"Drought","Franklin","WA","WHEAT",95.7843378819892
"332",2008,"Drought","Franklin","WA","WHEAT",234.454376275983
"333",2009,"Drought","Franklin","WA","WHEAT",385.891138412001
"334",2010,"Drought","Franklin","WA","WHEAT",138.013865982317
"335",2011,"Drought","Franklin","WA","WHEAT",38.310929988435
"336",2012,"Drought","Franklin","WA","WHEAT",127.158440691268
"337",2013,"Drought","Franklin","WA","WHEAT",197.314506713823
"338",2014,"Drought","Franklin","WA","WHEAT",406.032233547004
"339",2015,"Drought","Franklin","WA","WHEAT",598.431337243305
