"","year","damagecause","county","state","commodity","(loss/acres)"
"232",2001,"Drought","Franklin","WA","WHEAT",160.7186632634
"233",2002,"Drought","Franklin","WA","WHEAT",87.019168044567
"234",2003,"Drought","Franklin","WA","WHEAT",72.7594910508129
"235",2004,"Drought","Franklin","WA","WHEAT",63.7687584860979
"236",2005,"Drought","Franklin","WA","WHEAT",132.068667519709
"237",2006,"Drought","Franklin","WA","WHEAT",12.5961594413733
"238",2007,"Drought","Franklin","WA","WHEAT",243.366647889636
"239",2008,"Drought","Franklin","WA","WHEAT",169.136951011251
"240",2009,"Drought","Franklin","WA","WHEAT",815.185320041888
"241",2010,"Drought","Franklin","WA","WHEAT",195.199150837655
"242",2011,"Drought","Franklin","WA","WHEAT",105.12962962963
"243",2012,"Drought","Franklin","WA","WHEAT",312.740598856666
"244",2013,"Drought","Franklin","WA","WHEAT",240.910102111141
"245",2014,"Drought","Franklin","WA","WHEAT",450.035367371669
"246",2015,"Drought","Franklin","WA","WHEAT",840.413508820762
