"","year","damagecause","county","state","commodity","pct_acreage"
"7",2001,"Drought","Franklin","WA","WHEAT",0.933494934740409
"35",2002,"Drought","Franklin","WA","WHEAT",0.348173886231815
"63",2003,"Drought","Franklin","WA","WHEAT",0.575245178703405
"89",2004,"Drought","Franklin","WA","WHEAT",0.699859570632318
"111",2005,"Drought","Franklin","WA","WHEAT",0.200823597540238
"135",2006,"Drought","Franklin","WA","WHEAT",0.126375427309573
"159",2007,"Drought","Franklin","WA","WHEAT",0.608924754874959
"185",2008,"Drought","Franklin","WA","WHEAT",0.892086927608443
"212",2009,"Drought","Franklin","WA","WHEAT",0.376810725057069
"238",2010,"Drought","Franklin","WA","WHEAT",0.566169665760603
"256",2011,"Drought","Franklin","WA","WHEAT",0.117738440783288
"268",2012,"Drought","Franklin","WA","WHEAT",0.122419609499704
"293",2013,"Drought","Franklin","WA","WHEAT",0.282850109911332
"320",2014,"Drought","Franklin","WA","WHEAT",0.725383780854284
"348",2015,"Drought","Franklin","WA","WHEAT",0.843061180259158
