"","year","damagecause","county","state","commodity","loss"
"315",1989,"Drought","Franklin","WA","WHEAT",16895
"316",1990,"Drought","Franklin","WA","WHEAT",2286
"317",1991,"Drought","Franklin","WA","WHEAT",430455
"318",1992,"Drought","Franklin","WA","WHEAT",72918
"319",1993,"Drought","Franklin","WA","WHEAT",6448
"320",1994,"Drought","Franklin","WA","WHEAT",84127
"321",1995,"Drought","Franklin","WA","WHEAT",9994
"322",1997,"Drought","Franklin","WA","WHEAT",3466
"323",1999,"Drought","Franklin","WA","WHEAT",753813
"324",2000,"Drought","Franklin","WA","WHEAT",276123
"325",2001,"Drought","Franklin","WA","WHEAT",505510.22
"326",2002,"Drought","Franklin","WA","WHEAT",213579.84
"327",2003,"Drought","Franklin","WA","WHEAT",236185.89
"328",2004,"Drought","Franklin","WA","WHEAT",55350.21
"329",2005,"Drought","Franklin","WA","WHEAT",22939
"330",2006,"Drought","Franklin","WA","WHEAT",6974.8
"331",2007,"Drought","Franklin","WA","WHEAT",61489.6
"332",2008,"Drought","Franklin","WA","WHEAT",699659
"333",2009,"Drought","Franklin","WA","WHEAT",1730547.5
"334",2010,"Drought","Franklin","WA","WHEAT",84173.4
"335",2011,"Drought","Franklin","WA","WHEAT",56230
"336",2012,"Drought","Franklin","WA","WHEAT",98702.66
"337",2013,"Drought","Franklin","WA","WHEAT",395020.68
"338",2014,"Drought","Franklin","WA","WHEAT",2811475.9
"339",2015,"Drought","Franklin","WA","WHEAT",4974385.58
