"","year","damagecause","county","state","commodity","pct_acreage"
"10",2001,"Drought","Grant","WA","WHEAT",0.848592207370089
"38",2002,"Drought","Grant","WA","WHEAT",0.662110782532748
"66",2003,"Drought","Grant","WA","WHEAT",0.569278803856368
"91",2004,"Drought","Grant","WA","WHEAT",0.862235407916127
"114",2005,"Drought","Grant","WA","WHEAT",0.67455031963147
"138",2006,"Drought","Grant","WA","WHEAT",0.0687261031311357
"162",2007,"Drought","Grant","WA","WHEAT",0.550932969962323
"188",2008,"Drought","Grant","WA","WHEAT",0.839578685457285
"215",2009,"Drought","Grant","WA","WHEAT",0.649666702449761
"241",2010,"Drought","Grant","WA","WHEAT",0.624581783175357
"257",2011,"Drought","Grant","WA","WHEAT",0.0256140563282231
"271",2012,"Drought","Grant","WA","WHEAT",0.454554336915658
"296",2013,"Drought","Grant","WA","WHEAT",0.399355204884968
"323",2014,"Drought","Grant","WA","WHEAT",0.816579688809726
"351",2015,"Drought","Grant","WA","WHEAT",0.640209181842451
