"","year","damagecause","county","state","commodity","acres"
"260",2001,"Drought","Grant","WA","WHEAT",9607.744
"261",2002,"Drought","Grant","WA","WHEAT",9961.1985
"262",2003,"Drought","Grant","WA","WHEAT",4462.153
"263",2004,"Drought","Grant","WA","WHEAT",10699.5992
"264",2005,"Drought","Grant","WA","WHEAT",4192.31
"265",2006,"Drought","Grant","WA","WHEAT",212.82
"266",2007,"Drought","Grant","WA","WHEAT",1849.7299
"267",2008,"Drought","Grant","WA","WHEAT",52013.5019
"268",2009,"Drought","Grant","WA","WHEAT",59227.4864
"269",2010,"Drought","Grant","WA","WHEAT",17228.1385
"270",2011,"Drought","Grant","WA","WHEAT",203.1
"271",2012,"Drought","Grant","WA","WHEAT",11117.5127
"272",2013,"Drought","Grant","WA","WHEAT",13998.5341
"273",2014,"Drought","Grant","WA","WHEAT",47222.5737
"274",2015,"Drought","Grant","WA","WHEAT",48897.007
