"","year","damagecause","county","state","commodity","loss"
"340",2001,"Drought","Garfield","WA","WHEAT",5.25189677374055
"341",2002,"Drought","Garfield","WA","WHEAT",5.63996395064304
"342",2003,"Drought","Garfield","WA","WHEAT",5.3385564893532
"343",2005,"Drought","Garfield","WA","WHEAT",5.59809672263916
"344",2006,"Drought","Garfield","WA","WHEAT",4.85391104906635
"345",2007,"Drought","Garfield","WA","WHEAT",5.41662286896666
"346",2008,"Drought","Garfield","WA","WHEAT",5.76783528361695
"347",2009,"Drought","Garfield","WA","WHEAT",5.70442997179711
"348",2010,"Drought","Garfield","WA","WHEAT",4.04422607711268
"349",2012,"Drought","Garfield","WA","WHEAT",4.16607471735708
"350",2013,"Drought","Garfield","WA","WHEAT",3.91023154821631
"351",2014,"Drought","Garfield","WA","WHEAT",6.32605774353389
"352",2015,"Drought","Garfield","WA","WHEAT",6.05333300378969
