"","year","damagecause","county","state","commodity","cube_loss"
"340",2001,"Drought","Garfield","WA","WHEAT",144.484268261888
"341",2002,"Drought","Garfield","WA","WHEAT",137.567334735108
"342",2003,"Drought","Garfield","WA","WHEAT",122.012311635202
"343",2005,"Drought","Garfield","WA","WHEAT",145.894817849742
"344",2006,"Drought","Garfield","WA","WHEAT",64.5597856562454
"345",2007,"Drought","Garfield","WA","WHEAT",148.303255863515
"346",2008,"Drought","Garfield","WA","WHEAT",170.875397607952
"347",2009,"Drought","Garfield","WA","WHEAT",205.224261109114
"348",2010,"Drought","Garfield","WA","WHEAT",43.2933890579323
"349",2012,"Drought","Garfield","WA","WHEAT",24.4732458191671
"350",2013,"Drought","Garfield","WA","WHEAT",31.8432676854647
"351",2014,"Drought","Garfield","WA","WHEAT",336.456933712395
"352",2015,"Drought","Garfield","WA","WHEAT",287.87664405239
