"","year","damagecause","county","state","commodity","acres"
"247",2001,"Drought","Garfield","WA","WHEAT",8092.869
"248",2002,"Drought","Garfield","WA","WHEAT",10552.593
"249",2003,"Drought","Garfield","WA","WHEAT",5788.122
"250",2005,"Drought","Garfield","WA","WHEAT",8925.122
"251",2006,"Drought","Garfield","WA","WHEAT",1471.6
"252",2007,"Drought","Garfield","WA","WHEAT",4250.882
"253",2008,"Drought","Garfield","WA","WHEAT",9435.468
"254",2009,"Drought","Garfield","WA","WHEAT",2485.292
"255",2010,"Drought","Garfield","WA","WHEAT",354.65
"256",2012,"Drought","Garfield","WA","WHEAT",525.7
"257",2013,"Drought","Garfield","WA","WHEAT",183.9936
"258",2014,"Drought","Garfield","WA","WHEAT",30496.1938
"259",2015,"Drought","Garfield","WA","WHEAT",18623.4394
