"","year","damagecause","county","state","commodity","cube_acres"
"260",2001,"Drought","Grant","WA","WHEAT",66.8556687574247
"261",2002,"Drought","Grant","WA","WHEAT",68.6838040319544
"262",2003,"Drought","Grant","WA","WHEAT",51.82374285825
"263",2004,"Drought","Grant","WA","WHEAT",68.8640357529994
"264",2005,"Drought","Grant","WA","WHEAT",41.591335384642
"265",2006,"Drought","Grant","WA","WHEAT",11.95424604203
"266",2007,"Drought","Grant","WA","WHEAT",35.0723398565538
"267",2008,"Drought","Grant","WA","WHEAT",112.158842921519
"268",2009,"Drought","Grant","WA","WHEAT",151.100694306881
"269",2010,"Drought","Grant","WA","WHEAT",89.9299249703977
"270",2011,"Drought","Grant","WA","WHEAT",5.8780955468753
"271",2012,"Drought","Grant","WA","WHEAT",68.7196529943894
"272",2013,"Drought","Grant","WA","WHEAT",50.2858805109398
"273",2014,"Drought","Grant","WA","WHEAT",114.448021095322
"274",2015,"Drought","Grant","WA","WHEAT",130.784977367528
