"","year","damagecause","county","state","commodity","cube_loss"
"353",1989,"Drought","Grant","WA","WHEAT",169.088265179043
"354",1990,"Drought","Grant","WA","WHEAT",167.041799424632
"355",1991,"Drought","Grant","WA","WHEAT",241.51166322558
"356",1992,"Drought","Grant","WA","WHEAT",344.471079693372
"357",1993,"Drought","Grant","WA","WHEAT",28.0845762462704
"358",1994,"Drought","Grant","WA","WHEAT",37.1602488157518
"359",1995,"Drought","Grant","WA","WHEAT",81.438037584482
"360",1996,"Drought","Grant","WA","WHEAT",21.0509479142711
"361",1999,"Drought","Grant","WA","WHEAT",84.3466967658279
"362",2000,"Drought","Grant","WA","WHEAT",51.8580589772223
"363",2001,"Drought","Grant","WA","WHEAT",177.074200892441
"364",2002,"Drought","Grant","WA","WHEAT",191.701803906073
"365",2003,"Drought","Grant","WA","WHEAT",146.257153737612
"366",2004,"Drought","Grant","WA","WHEAT",204.748249887667
"367",2005,"Drought","Grant","WA","WHEAT",114.226296527338
"368",2006,"Drought","Grant","WA","WHEAT",37.7904194923399
"369",2007,"Drought","Grant","WA","WHEAT",124.155405825078
"370",2008,"Drought","Grant","WA","WHEAT",470.814453504086
"371",2009,"Drought","Grant","WA","WHEAT",863.465213870206
"372",2010,"Drought","Grant","WA","WHEAT",337.633470721459
"373",2011,"Drought","Grant","WA","WHEAT",35.4714443378782
"374",2012,"Drought","Grant","WA","WHEAT",288.487517576832
"375",2013,"Drought","Grant","WA","WHEAT",220.610810773126
"376",2014,"Drought","Grant","WA","WHEAT",461.864621560082
"377",2015,"Drought","Grant","WA","WHEAT",590.341642366472
