"","year","damagecause","county","state","commodity","cube_acres"
"247",2001,"Drought","Garfield","WA","WHEAT",54.2973425828308
"248",2002,"Drought","Garfield","WA","WHEAT",43.1680158980598
"249",2003,"Drought","Garfield","WA","WHEAT",36.6145757773124
"250",2005,"Drought","Garfield","WA","WHEAT",40.4856211710069
"251",2006,"Drought","Garfield","WA","WHEAT",17.5184083931034
"252",2007,"Drought","Garfield","WA","WHEAT",36.664568252922
"253",2008,"Drought","Garfield","WA","WHEAT",47.3135114573706
"254",2009,"Drought","Garfield","WA","WHEAT",35.0392542298003
"255",2010,"Drought","Garfield","WA","WHEAT",14.0024289756821
"256",2012,"Drought","Garfield","WA","WHEAT",8.07072703478344
"257",2013,"Drought","Garfield","WA","WHEAT",9.0231314417777
"258",2014,"Drought","Garfield","WA","WHEAT",80.645182657946
"259",2015,"Drought","Garfield","WA","WHEAT",70.918067758085
