"","year","damagecause","county","state","commodity","loss"
"353",1989,"Drought","Grant","WA","WHEAT",5.5991163788204
"354",1990,"Drought","Grant","WA","WHEAT",5.39428353428663
"355",1991,"Drought","Grant","WA","WHEAT",5.67134874728173
"356",1992,"Drought","Grant","WA","WHEAT",6.00664571313998
"357",1993,"Drought","Grant","WA","WHEAT",3.91671707759881
"358",1994,"Drought","Grant","WA","WHEAT",3.8117760216029
"359",1995,"Drought","Grant","WA","WHEAT",4.53117224798262
"360",1996,"Drought","Grant","WA","WHEAT",3.38542751480513
"361",1999,"Drought","Grant","WA","WHEAT",4.7239725770084
"362",2000,"Drought","Grant","WA","WHEAT",4.23864817505781
"363",2001,"Drought","Grant","WA","WHEAT",5.30659142160559
"364",2002,"Drought","Grant","WA","WHEAT",5.34885274107075
"365",2003,"Drought","Grant","WA","WHEAT",5.03940658340742
"366",2004,"Drought","Grant","WA","WHEAT",5.47286923425461
"367",2005,"Drought","Grant","WA","WHEAT",4.91684858236345
"368",2006,"Drought","Grant","WA","WHEAT",4.02999217537785
"369",2007,"Drought","Grant","WA","WHEAT",4.83893537459074
"370",2008,"Drought","Grant","WA","WHEAT",6.52688889491784
"371",2009,"Drought","Grant","WA","WHEAT",7.05642059644659
"372",2010,"Drought","Grant","WA","WHEAT",5.95098150890995
"373",2011,"Drought","Grant","WA","WHEAT",4.64963661773043
"374",2012,"Drought","Grant","WA","WHEAT",5.91258010881692
"375",2013,"Drought","Grant","WA","WHEAT",6.15379965005661
"376",2014,"Drought","Grant","WA","WHEAT",6.51139937420263
"377",2015,"Drought","Grant","WA","WHEAT",6.63873717032746
