"","year","damagecause","county","state","commodity","loss"
"340",2001,"Drought","Garfield","WA","WHEAT",178606.3
"341",2002,"Drought","Garfield","WA","WHEAT",436479.6
"342",2003,"Drought","Garfield","WA","WHEAT",218050.2
"343",2005,"Drought","Garfield","WA","WHEAT",396366.3
"344",2006,"Drought","Garfield","WA","WHEAT",71435
"345",2007,"Drought","Garfield","WA","WHEAT",260989.4
"346",2008,"Drought","Garfield","WA","WHEAT",585915.9
"347",2009,"Drought","Garfield","WA","WHEAT",506325.7
"348",2010,"Drought","Garfield","WA","WHEAT",11072
"349",2012,"Drought","Garfield","WA","WHEAT",14658
"350",2013,"Drought","Garfield","WA","WHEAT",8132.64
"351",2014,"Drought","Garfield","WA","WHEAT",2118642.81
"352",2015,"Drought","Garfield","WA","WHEAT",1130662.54
