"","year","damagecause","county","state","commodity","loss"
"353",1989,"Drought","Grant","WA","WHEAT",397298
"354",1990,"Drought","Grant","WA","WHEAT",247904
"355",1991,"Drought","Grant","WA","WHEAT",469190
"356",1992,"Drought","Grant","WA","WHEAT",1015420
"357",1993,"Drought","Grant","WA","WHEAT",8255
"358",1994,"Drought","Grant","WA","WHEAT",6483
"359",1995,"Drought","Grant","WA","WHEAT",33976
"360",1996,"Drought","Grant","WA","WHEAT",2429
"361",1999,"Drought","Grant","WA","WHEAT",52963
"362",2000,"Drought","Grant","WA","WHEAT",17324
"363",2001,"Drought","Grant","WA","WHEAT",202577.6
"364",2002,"Drought","Grant","WA","WHEAT",223281.5
"365",2003,"Drought","Grant","WA","WHEAT",109498.1
"366",2004,"Drought","Grant","WA","WHEAT",297077.14
"367",2005,"Drought","Grant","WA","WHEAT",82575
"368",2006,"Drought","Grant","WA","WHEAT",10715
"369",2007,"Drought","Grant","WA","WHEAT",69013.71
"370",2008,"Drought","Grant","WA","WHEAT",3364254.91
"371",2009,"Drought","Grant","WA","WHEAT",11387295.65
"372",2010,"Drought","Grant","WA","WHEAT",893267.45
"373",2011,"Drought","Grant","WA","WHEAT",44631
"374",2012,"Drought","Grant","WA","WHEAT",817673.85
"375",2013,"Drought","Grant","WA","WHEAT",1424950.08
"376",2014,"Drought","Grant","WA","WHEAT",3246380.15
"377",2015,"Drought","Grant","WA","WHEAT",4352483.87
