"","year","damagecause","county","state","commodity","(loss/acres)"
"260",2001,"Drought","Grant","WA","WHEAT",142.950908493457
"261",2002,"Drought","Grant","WA","WHEAT",131.26485423012
"262",2003,"Drought","Grant","WA","WHEAT",142.595721204469
"263",2004,"Drought","Grant","WA","WHEAT",164.493377579403
"264",2005,"Drought","Grant","WA","WHEAT",121.539216069188
"265",2006,"Drought","Grant","WA","WHEAT",133.468562144211
"266",2007,"Drought","Grant","WA","WHEAT",346.516156838722
"267",2008,"Drought","Grant","WA","WHEAT",744.288056642821
"268",2009,"Drought","Grant","WA","WHEAT",1677.61317167058
"269",2010,"Drought","Grant","WA","WHEAT",386.286217721495
"270",2011,"Drought","Grant","WA","WHEAT",220.748892171344
"271",2012,"Drought","Grant","WA","WHEAT",588.900826317502
"272",2013,"Drought","Grant","WA","WHEAT",382.071861114166
"273",2014,"Drought","Grant","WA","WHEAT",450.581977249682
"274",2015,"Drought","Grant","WA","WHEAT",792.419769977255
