"","year","damagecause","county","state","commodity","pct_acreage"
"8",2001,"Drought","Garfield","WA","WHEAT",0.926106957758631
"36",2002,"Drought","Garfield","WA","WHEAT",0.797203071386158
"64",2003,"Drought","Garfield","WA","WHEAT",0.5883678827843
"112",2005,"Drought","Garfield","WA","WHEAT",0.838298591771543
"136",2006,"Drought","Garfield","WA","WHEAT",0.0647360519014566
"160",2007,"Drought","Garfield","WA","WHEAT",0.278557197486087
"186",2008,"Drought","Garfield","WA","WHEAT",0.41532529339835
"213",2009,"Drought","Garfield","WA","WHEAT",0.0418319113557182
"239",2010,"Drought","Garfield","WA","WHEAT",0.0571882382346064
"269",2012,"Drought","Garfield","WA","WHEAT",0.531767466796144
"294",2013,"Drought","Garfield","WA","WHEAT",0.0202474455968527
"321",2014,"Drought","Garfield","WA","WHEAT",0.766067018807572
"349",2015,"Drought","Garfield","WA","WHEAT",0.40310893706255
