"","year","damagecause","county","state","commodity","(loss/acres)"
"247",2001,"Drought","Garfield","WA","WHEAT",126.582546513153
"248",2002,"Drought","Garfield","WA","WHEAT",126.985365612346
"249",2003,"Drought","Garfield","WA","WHEAT",111.711526755895
"250",2005,"Drought","Garfield","WA","WHEAT",146.85720326435
"251",2006,"Drought","Garfield","WA","WHEAT",103.373731726395
"252",2007,"Drought","Garfield","WA","WHEAT",283.615587220759
"253",2008,"Drought","Garfield","WA","WHEAT",196.229868900719
"254",2009,"Drought","Garfield","WA","WHEAT",1112.76752815139
"255",2010,"Drought","Garfield","WA","WHEAT",91.9653743104402
"256",2012,"Drought","Garfield","WA","WHEAT",28.8828229027963
"257",2013,"Drought","Garfield","WA","WHEAT",88.9089440648858
"258",2014,"Drought","Garfield","WA","WHEAT",486.481693249065
"259",2015,"Drought","Garfield","WA","WHEAT",454.094758214693
