"","year","damagecause","county","state","commodity","pct_acreage"
"16",2001,"Drought","Lincoln","WA","WHEAT",0.805363869592783
"44",2002,"Drought","Lincoln","WA","WHEAT",0.671740755840395
"71",2003,"Drought","Lincoln","WA","WHEAT",0.840682870542714
"93",2004,"Drought","Lincoln","WA","WHEAT",0.758352946087483
"119",2005,"Drought","Lincoln","WA","WHEAT",0.884569192952686
"143",2006,"Drought","Lincoln","WA","WHEAT",0.0551109439579029
"167",2007,"Drought","Lincoln","WA","WHEAT",0.380266553057494
"193",2008,"Drought","Lincoln","WA","WHEAT",0.881241124920801
"220",2009,"Drought","Lincoln","WA","WHEAT",0.480819780448116
"246",2010,"Drought","Lincoln","WA","WHEAT",0.30836212884912
"260",2011,"Drought","Lincoln","WA","WHEAT",0.00697177513412643
"276",2012,"Drought","Lincoln","WA","WHEAT",0.142387198160493
"302",2013,"Drought","Lincoln","WA","WHEAT",0.0612192926386243
"329",2014,"Drought","Lincoln","WA","WHEAT",0.74819775598507
"357",2015,"Drought","Lincoln","WA","WHEAT",0.519701077997336
