"","year","damagecause","county","state","commodity","acres"
"290",2001,"Drought","Lincoln","WA","WHEAT",23474.8105
"291",2002,"Drought","Lincoln","WA","WHEAT",28241.1099
"292",2003,"Drought","Lincoln","WA","WHEAT",31051.824
"293",2004,"Drought","Lincoln","WA","WHEAT",27969.7951
"294",2005,"Drought","Lincoln","WA","WHEAT",20649.2709
"295",2006,"Drought","Lincoln","WA","WHEAT",691.644
"296",2007,"Drought","Lincoln","WA","WHEAT",10028.0511
"297",2008,"Drought","Lincoln","WA","WHEAT",122894.8047
"298",2009,"Drought","Lincoln","WA","WHEAT",134826.9776
"299",2010,"Drought","Lincoln","WA","WHEAT",7586.381
"300",2011,"Drought","Lincoln","WA","WHEAT",186.8
"301",2012,"Drought","Lincoln","WA","WHEAT",2437.9254
"302",2013,"Drought","Lincoln","WA","WHEAT",1984.465
"303",2014,"Drought","Lincoln","WA","WHEAT",183053.8053
"304",2015,"Drought","Lincoln","WA","WHEAT",158583.0684
