"","year","damagecause","county","state","commodity","(loss/acres)"
"290",2001,"Drought","Lincoln","WA","WHEAT",124.323084908251
"291",2002,"Drought","Lincoln","WA","WHEAT",147.289080603994
"292",2003,"Drought","Lincoln","WA","WHEAT",332.751265426261
"293",2004,"Drought","Lincoln","WA","WHEAT",162.961479521763
"294",2005,"Drought","Lincoln","WA","WHEAT",217.659679614483
"295",2006,"Drought","Lincoln","WA","WHEAT",61.6489815486971
"296",2007,"Drought","Lincoln","WA","WHEAT",221.574306585523
"297",2008,"Drought","Lincoln","WA","WHEAT",719.809924496233
"298",2009,"Drought","Lincoln","WA","WHEAT",1665.23779329524
"299",2010,"Drought","Lincoln","WA","WHEAT",360.104388491661
"300",2011,"Drought","Lincoln","WA","WHEAT",61.3158458244111
"301",2012,"Drought","Lincoln","WA","WHEAT",152.451643888068
"302",2013,"Drought","Lincoln","WA","WHEAT",513.0769986797
"303",2014,"Drought","Lincoln","WA","WHEAT",722.882799663274
"304",2015,"Drought","Lincoln","WA","WHEAT",775.589919148285
