"","year","damagecause","county","state","commodity","cube_acres"
"290",2001,"Drought","Lincoln","WA","WHEAT",94.1191123237999
"291",2002,"Drought","Lincoln","WA","WHEAT",87.287348339543
"292",2003,"Drought","Lincoln","WA","WHEAT",102.100218892147
"293",2004,"Drought","Lincoln","WA","WHEAT",104.709072136853
"294",2005,"Drought","Lincoln","WA","WHEAT",82.5915034370984
"295",2006,"Drought","Lincoln","WA","WHEAT",21.1336013887453
"296",2007,"Drought","Lincoln","WA","WHEAT",56.6811408222143
"297",2008,"Drought","Lincoln","WA","WHEAT",170.43640219211
"298",2009,"Drought","Lincoln","WA","WHEAT",196.5926053872
"299",2010,"Drought","Lincoln","WA","WHEAT",74.0973097342154
"300",2011,"Drought","Lincoln","WA","WHEAT",5.71643966417594
"301",2012,"Drought","Lincoln","WA","WHEAT",24.2965052246577
"302",2013,"Drought","Lincoln","WA","WHEAT",36.8812256018314
"303",2014,"Drought","Lincoln","WA","WHEAT",170.821496683735
"304",2015,"Drought","Lincoln","WA","WHEAT",186.780671660635
