"","year","damagecause","county","state","commodity","loss"
"393",1989,"Drought","Lincoln","WA","WHEAT",5.97049657507703
"394",1990,"Drought","Lincoln","WA","WHEAT",5.07225725224187
"395",1991,"Drought","Lincoln","WA","WHEAT",5.38746991424759
"396",1992,"Drought","Lincoln","WA","WHEAT",5.67356642919378
"397",1993,"Drought","Lincoln","WA","WHEAT",4.49224339667679
"398",1994,"Drought","Lincoln","WA","WHEAT",4.55317885048249
"399",1995,"Drought","Lincoln","WA","WHEAT",4.30532986918761
"400",1996,"Drought","Lincoln","WA","WHEAT",4.29616041353726
"401",1998,"Drought","Lincoln","WA","WHEAT",4.4243261683093
"402",1999,"Drought","Lincoln","WA","WHEAT",5.01470530561113
"403",2000,"Drought","Lincoln","WA","WHEAT",4.78572123557808
"404",2001,"Drought","Lincoln","WA","WHEAT",5.72902613363212
"405",2002,"Drought","Lincoln","WA","WHEAT",5.92053796825661
"406",2003,"Drought","Lincoln","WA","WHEAT",6.02315175750421
"407",2004,"Drought","Lincoln","WA","WHEAT",5.80237307315356
"408",2005,"Drought","Lincoln","WA","WHEAT",5.7286415386748
"409",2006,"Drought","Lincoln","WA","WHEAT",4.06268725497935
"410",2007,"Drought","Lincoln","WA","WHEAT",5.43582573931873
"411",2008,"Drought","Lincoln","WA","WHEAT",6.94202553116224
"412",2009,"Drought","Lincoln","WA","WHEAT",7.40281847472924
"413",2010,"Drought","Lincoln","WA","WHEAT",5.61021638125581
"414",2011,"Drought","Lincoln","WA","WHEAT",4.05180829431709
"415",2012,"Drought","Lincoln","WA","WHEAT",5.12528626111595
"416",2013,"Drought","Lincoln","WA","WHEAT",5.00775784600759
"417",2014,"Drought","Lincoln","WA","WHEAT",7.21953425070575
"418",2015,"Drought","Lincoln","WA","WHEAT",7.12902112624692
