"","year","damagecause","county","state","commodity","loss"
"393",1989,"Drought","Lincoln","WA","WHEAT",934322
"394",1990,"Drought","Lincoln","WA","WHEAT",118102
"395",1991,"Drought","Lincoln","WA","WHEAT",244045
"396",1992,"Drought","Lincoln","WA","WHEAT",471592
"397",1993,"Drought","Lincoln","WA","WHEAT",31063
"398",1994,"Drought","Lincoln","WA","WHEAT",35742
"399",1995,"Drought","Lincoln","WA","WHEAT",20199
"400",1996,"Drought","Lincoln","WA","WHEAT",19777
"401",1998,"Drought","Lincoln","WA","WHEAT",26566
"402",1999,"Drought","Lincoln","WA","WHEAT",103444
"403",2000,"Drought","Lincoln","WA","WHEAT",61055
"404",2001,"Drought","Lincoln","WA","WHEAT",535828.9
"405",2002,"Drought","Lincoln","WA","WHEAT",832794.73
"406",2003,"Drought","Lincoln","WA","WHEAT",1054755.4
"407",2004,"Drought","Lincoln","WA","WHEAT",634414.46
"408",2005,"Drought","Lincoln","WA","WHEAT",535354.6
"409",2006,"Drought","Lincoln","WA","WHEAT",11552.8
"410",2007,"Drought","Lincoln","WA","WHEAT",272788.3
"411",2008,"Drought","Lincoln","WA","WHEAT",8750352.15
"412",2009,"Drought","Lincoln","WA","WHEAT",25282410.28
"413",2010,"Drought","Lincoln","WA","WHEAT",407583.3
"414",2011,"Drought","Lincoln","WA","WHEAT",11267
"415",2012,"Drought","Lincoln","WA","WHEAT",133440.07
"416",2013,"Drought","Lincoln","WA","WHEAT",101802.36
"417",2014,"Drought","Lincoln","WA","WHEAT",16578080.75
"418",2015,"Drought","Lincoln","WA","WHEAT",13459258.25
