"","year","damagecause","county","state","commodity","cube_loss"
"393",1989,"Drought","Lincoln","WA","WHEAT",292.299860593762
"394",1990,"Drought","Lincoln","WA","WHEAT",121.545291189113
"395",1991,"Drought","Lincoln","WA","WHEAT",138.618648661291
"396",1992,"Drought","Lincoln","WA","WHEAT",239.973178615028
"397",1993,"Drought","Lincoln","WA","WHEAT",69.784592865689
"398",1994,"Drought","Lincoln","WA","WHEAT",112.439272391611
"399",1995,"Drought","Lincoln","WA","WHEAT",62.0194849190485
"400",1996,"Drought","Lincoln","WA","WHEAT",59.5131146502013
"401",1998,"Drought","Lincoln","WA","WHEAT",45.8826011794674
"402",1999,"Drought","Lincoln","WA","WHEAT",147.880271776637
"403",2000,"Drought","Lincoln","WA","WHEAT",80.306029132602
"404",2001,"Drought","Lincoln","WA","WHEAT",245.786201213069
"405",2002,"Drought","Lincoln","WA","WHEAT",266.784899128641
"406",2003,"Drought","Lincoln","WA","WHEAT",333.528560068889
"407",2004,"Drought","Lincoln","WA","WHEAT",290.682730656865
"408",2005,"Drought","Lincoln","WA","WHEAT",239.823195291481
"409",2006,"Drought","Lincoln","WA","WHEAT",50.3326733574834
"410",2007,"Drought","Lincoln","WA","WHEAT",176.819842900118
"411",2008,"Drought","Lincoln","WA","WHEAT",708.825789262067
"412",2009,"Drought","Lincoln","WA","WHEAT",1120.72803684703
"413",2010,"Drought","Lincoln","WA","WHEAT",258.25068126087
"414",2011,"Drought","Lincoln","WA","WHEAT",22.4183045533446
"415",2012,"Drought","Lincoln","WA","WHEAT",90.7454812411646
"416",2013,"Drought","Lincoln","WA","WHEAT",143.622236169517
"417",2014,"Drought","Lincoln","WA","WHEAT",744.373025089212
"418",2015,"Drought","Lincoln","WA","WHEAT",822.911311292742
