"","year","damagecause","county","state","commodity","cube_acres"
"315",2001,"Drought","Spokane","WA","WHEAT",23.7545577997487
"316",2002,"Drought","Spokane","WA","WHEAT",23.5554856920808
"317",2003,"Drought","Spokane","WA","WHEAT",44.4937591607739
"318",2004,"Drought","Spokane","WA","WHEAT",18.186305959199
"319",2005,"Drought","Spokane","WA","WHEAT",29.166816246429
"320",2006,"Drought","Spokane","WA","WHEAT",16.529323533888
"321",2007,"Drought","Spokane","WA","WHEAT",34.2307241102589
"322",2008,"Drought","Spokane","WA","WHEAT",78.3515314955278
"323",2009,"Drought","Spokane","WA","WHEAT",86.1573127782714
"324",2010,"Drought","Spokane","WA","WHEAT",15.5510461374283
"325",2011,"Drought","Spokane","WA","WHEAT",11.7201865332701
"326",2012,"Drought","Spokane","WA","WHEAT",3.83703402335727
"327",2013,"Drought","Spokane","WA","WHEAT",25.1414806348059
"328",2014,"Drought","Spokane","WA","WHEAT",108.77490481984
"329",2015,"Drought","Spokane","WA","WHEAT",109.059800230782
