"","year","damagecause","county","state","commodity","acres"
"315",2001,"Drought","Spokane","WA","WHEAT",1812.584
"316",2002,"Drought","Spokane","WA","WHEAT",1271.036
"317",2003,"Drought","Spokane","WA","WHEAT",5200.659
"318",2004,"Drought","Spokane","WA","WHEAT",435.95
"319",2005,"Drought","Spokane","WA","WHEAT",851.21
"320",2006,"Drought","Spokane","WA","WHEAT",1129.03
"321",2007,"Drought","Spokane","WA","WHEAT",3242.972
"322",2008,"Drought","Spokane","WA","WHEAT",15821.851
"323",2009,"Drought","Spokane","WA","WHEAT",19959.0661
"324",2010,"Drought","Spokane","WA","WHEAT",504.64
"325",2011,"Drought","Spokane","WA","WHEAT",212.2
"326",2012,"Drought","Spokane","WA","WHEAT",56.492
"327",2013,"Drought","Spokane","WA","WHEAT",1008.8921
"328",2014,"Drought","Spokane","WA","WHEAT",38417.749
"329",2015,"Drought","Spokane","WA","WHEAT",54713.235
