"","year","damagecause","county","state","commodity","loss"
"429",2001,"Drought","Spokane","WA","WHEAT",4.81552727691972
"430",2002,"Drought","Spokane","WA","WHEAT",4.40029098432853
"431",2003,"Drought","Spokane","WA","WHEAT",5.15626316179706
"432",2004,"Drought","Spokane","WA","WHEAT",4.08169287733253
"433",2005,"Drought","Spokane","WA","WHEAT",4.44918517072768
"434",2006,"Drought","Spokane","WA","WHEAT",4.42602301568988
"435",2007,"Drought","Spokane","WA","WHEAT",5.13082697554466
"436",2008,"Drought","Spokane","WA","WHEAT",6.0333318603124
"437",2009,"Drought","Spokane","WA","WHEAT",6.6505410534416
"438",2010,"Drought","Spokane","WA","WHEAT",4.32856306939172
"439",2011,"Drought","Spokane","WA","WHEAT",4.53592674139557
"440",2012,"Drought","Spokane","WA","WHEAT",3.8713627421973
"441",2013,"Drought","Spokane","WA","WHEAT",4.89415500041692
"442",2014,"Drought","Spokane","WA","WHEAT",6.42216461567366
"443",2015,"Drought","Spokane","WA","WHEAT",6.68826565035814
