"","year","damagecause","county","state","commodity","(loss/acres)"
"315",2001,"Drought","Spokane","WA","WHEAT",77.8630233346752
"316",2002,"Drought","Spokane","WA","WHEAT",138.102272963544
"317",2003,"Drought","Spokane","WA","WHEAT",126.957370913273
"318",2004,"Drought","Spokane","WA","WHEAT",73.3247103296628
"319",2005,"Drought","Spokane","WA","WHEAT",167.206597387286
"320",2006,"Drought","Spokane","WA","WHEAT",48.2468895856494
"321",2007,"Drought","Spokane","WA","WHEAT",152.785649631689
"322",2008,"Drought","Spokane","WA","WHEAT",455.380380658718
"323",2009,"Drought","Spokane","WA","WHEAT",1470.42263293187
"324",2010,"Drought","Spokane","WA","WHEAT",97.1214574140676
"325",2011,"Drought","Spokane","WA","WHEAT",490.136165642393
"326",2012,"Drought","Spokane","WA","WHEAT",132.636337888551
"327",2013,"Drought","Spokane","WA","WHEAT",322.774908774457
"328",2014,"Drought","Spokane","WA","WHEAT",441.285025674552
"329",2015,"Drought","Spokane","WA","WHEAT",760.027221177161
