"","year","damagecause","county","state","commodity","cube_loss"
"429",2001,"Drought","Spokane","WA","WHEAT",67.7326621893588
"430",2002,"Drought","Spokane","WA","WHEAT",65.1585778432505
"431",2003,"Drought","Spokane","WA","WHEAT",130.926967292413
"432",2004,"Drought","Spokane","WA","WHEAT",47.2235948711303
"433",2005,"Drought","Spokane","WA","WHEAT",85.180497932258
"434",2006,"Drought","Spokane","WA","WHEAT",47.4163288021905
"435",2007,"Drought","Spokane","WA","WHEAT",112.501497958017
"436",2008,"Drought","Spokane","WA","WHEAT",314.448077017501
"437",2009,"Drought","Spokane","WA","WHEAT",516.999919129722
"438",2010,"Drought","Spokane","WA","WHEAT",48.367346257958
"439",2011,"Drought","Spokane","WA","WHEAT",63.930714442607
"440",2012,"Drought","Spokane","WA","WHEAT",19.518850935675
"441",2013,"Drought","Spokane","WA","WHEAT",98.3170576256503
"442",2014,"Drought","Spokane","WA","WHEAT",419.635145053669
"443",2015,"Drought","Spokane","WA","WHEAT",490.838907280846
