"","year","damagecause","county","state","commodity","pct_acreage"
"21",2001,"Drought","Spokane","WA","WHEAT",0.868158153124027
"49",2002,"Drought","Spokane","WA","WHEAT",0.629070032170255
"77",2003,"Drought","Spokane","WA","WHEAT",0.865432195323265
"98",2004,"Drought","Spokane","WA","WHEAT",0.60005230413478
"123",2005,"Drought","Spokane","WA","WHEAT",0.615988595081991
"147",2006,"Drought","Spokane","WA","WHEAT",0.26531638549517
"171",2007,"Drought","Spokane","WA","WHEAT",0.306843337288363
"198",2008,"Drought","Spokane","WA","WHEAT",0.642821836483957
"225",2009,"Drought","Spokane","WA","WHEAT",0.265876303494258
"248",2010,"Drought","Spokane","WA","WHEAT",0.0741874355909753
"262",2011,"Drought","Spokane","WA","WHEAT",0.00507696919772642
"281",2012,"Drought","Spokane","WA","WHEAT",0.00653033103641204
"306",2013,"Drought","Spokane","WA","WHEAT",0.0707207346770542
"334",2014,"Drought","Spokane","WA","WHEAT",0.580709504740043
"362",2015,"Drought","Spokane","WA","WHEAT",0.572006929332414
