"","year","damagecause","county","state","commodity","loss"
"429",2001,"Drought","Spokane","WA","WHEAT",65392.4
"430",2002,"Drought","Spokane","WA","WHEAT",25135.7
"431",2003,"Drought","Spokane","WA","WHEAT",143305.6
"432",2004,"Drought","Spokane","WA","WHEAT",12069.6
"433",2005,"Drought","Spokane","WA","WHEAT",28131
"434",2006,"Drought","Spokane","WA","WHEAT",26670
"435",2007,"Drought","Spokane","WA","WHEAT",135153.4
"436",2008,"Drought","Spokane","WA","WHEAT",1079771.5
"437",2009,"Drought","Spokane","WA","WHEAT",4472404.27
"438",2010,"Drought","Spokane","WA","WHEAT",21309
"439",2011,"Drought","Spokane","WA","WHEAT",34350
"440",2012,"Drought","Spokane","WA","WHEAT",7436.4
"441",2013,"Drought","Spokane","WA","WHEAT",78370.93
"442",2014,"Drought","Spokane","WA","WHEAT",2643410.53
"443",2015,"Drought","Spokane","WA","WHEAT",4878267.94
