"","year","damagecause","county","state","commodity","pct_acreage"
"27",2001,"Drought","Whitman","WA","WHEAT",0.917477656585959
"55",2002,"Drought","Whitman","WA","WHEAT",0.727234654463194
"83",2003,"Drought","Whitman","WA","WHEAT",0.878447118531952
"104",2004,"Drought","Whitman","WA","WHEAT",0.284690117666928
"128",2005,"Drought","Whitman","WA","WHEAT",0.816629083589376
"152",2006,"Drought","Whitman","WA","WHEAT",0.129929223969359
"177",2007,"Drought","Whitman","WA","WHEAT",0.462150269121295
"204",2008,"Drought","Whitman","WA","WHEAT",0.749845003849732
"230",2009,"Drought","Whitman","WA","WHEAT",0.0708317601821177
"252",2010,"Drought","Whitman","WA","WHEAT",0.199032334886168
"263",2011,"Drought","Whitman","WA","WHEAT",0.0252700578623211
"285",2012,"Drought","Whitman","WA","WHEAT",0.00964943665622872
"312",2013,"Drought","Whitman","WA","WHEAT",0.1191596708238
"340",2014,"Drought","Whitman","WA","WHEAT",0.537503520929857
"368",2015,"Drought","Whitman","WA","WHEAT",0.498767112256609
