"","year","damagecause","county","state","commodity","cube_acres"
"344",2001,"Drought","Whitman","WA","WHEAT",85.9752722001953
"345",2002,"Drought","Whitman","WA","WHEAT",89.4889802342292
"346",2003,"Drought","Whitman","WA","WHEAT",81.571987687279
"347",2004,"Drought","Whitman","WA","WHEAT",38.6099208418937
"348",2005,"Drought","Whitman","WA","WHEAT",87.0327918966559
"349",2006,"Drought","Whitman","WA","WHEAT",31.3668965565628
"350",2007,"Drought","Whitman","WA","WHEAT",63.5757669793345
"351",2008,"Drought","Whitman","WA","WHEAT",118.836397057616
"352",2009,"Drought","Whitman","WA","WHEAT",82.2330793886733
"353",2010,"Drought","Whitman","WA","WHEAT",74.0712146869834
"354",2011,"Drought","Whitman","WA","WHEAT",13.6678001069765
"355",2012,"Drought","Whitman","WA","WHEAT",4.60886758275326
"356",2013,"Drought","Whitman","WA","WHEAT",60.2469127232949
"357",2014,"Drought","Whitman","WA","WHEAT",142.903580332448
"358",2015,"Drought","Whitman","WA","WHEAT",165.655946226958
