"","year","damagecause","county","state","commodity","acres"
"344",2001,"Drought","Whitman","WA","WHEAT",30236.412
"345",2002,"Drought","Whitman","WA","WHEAT",25046.3033
"346",2003,"Drought","Whitman","WA","WHEAT",32110.8526
"347",2004,"Drought","Whitman","WA","WHEAT",2764.472
"348",2005,"Drought","Whitman","WA","WHEAT",32508.2154
"349",2006,"Drought","Whitman","WA","WHEAT",3940.869
"350",2007,"Drought","Whitman","WA","WHEAT",15671.682
"351",2008,"Drought","Whitman","WA","WHEAT",67807.2652
"352",2009,"Drought","Whitman","WA","WHEAT",23623.9823
"353",2010,"Drought","Whitman","WA","WHEAT",16522.8504
"354",2011,"Drought","Whitman","WA","WHEAT",1431.09
"355",2012,"Drought","Whitman","WA","WHEAT",97.9
"356",2013,"Drought","Whitman","WA","WHEAT",6511.7939
"357",2014,"Drought","Whitman","WA","WHEAT",137946.7831
"358",2015,"Drought","Whitman","WA","WHEAT",181806.1821
