"","year","damagecause","county","state","commodity","(loss/acres)"
"344",2001,"Drought","Whitman","WA","WHEAT",225.750943027277
"345",2002,"Drought","Whitman","WA","WHEAT",193.882005291192
"346",2003,"Drought","Whitman","WA","WHEAT",201.002665529839
"347",2004,"Drought","Whitman","WA","WHEAT",170.471272849508
"348",2005,"Drought","Whitman","WA","WHEAT",230.670496535863
"349",2006,"Drought","Whitman","WA","WHEAT",122.580744403353
"350",2007,"Drought","Whitman","WA","WHEAT",224.071517826085
"351",2008,"Drought","Whitman","WA","WHEAT",601.330583203769
"352",2009,"Drought","Whitman","WA","WHEAT",1252.80465952544
"353",2010,"Drought","Whitman","WA","WHEAT",468.313573719448
"354",2011,"Drought","Whitman","WA","WHEAT",107.025218519252
"355",2012,"Drought","Whitman","WA","WHEAT",33.7987742594484
"356",2013,"Drought","Whitman","WA","WHEAT",422.03955605371
"357",2014,"Drought","Whitman","WA","WHEAT",596.644086771978
"358",2015,"Drought","Whitman","WA","WHEAT",729.720679224622
