"","year","damagecause","county","state","commodity","loss"
"468",1989,"Drought","Whitman","WA","WHEAT",5.2231765275278
"469",1990,"Drought","Whitman","WA","WHEAT",4.80294467372241
"470",1991,"Drought","Whitman","WA","WHEAT",4.71258236392929
"471",1992,"Drought","Whitman","WA","WHEAT",5.96518146798395
"472",1993,"Drought","Whitman","WA","WHEAT",3.4401216031878
"473",1994,"Drought","Whitman","WA","WHEAT",5.98837298195306
"474",1995,"Drought","Whitman","WA","WHEAT",5.22396295221919
"475",1996,"Drought","Whitman","WA","WHEAT",4.33201405800557
"476",1997,"Drought","Whitman","WA","WHEAT",3.3727279408856
"477",1998,"Drought","Whitman","WA","WHEAT",4.27593297582171
"478",1999,"Drought","Whitman","WA","WHEAT",5.88132815486438
"479",2000,"Drought","Whitman","WA","WHEAT",5.36247304985546
"480",2001,"Drought","Whitman","WA","WHEAT",5.94354840860626
"481",2002,"Drought","Whitman","WA","WHEAT",5.84041187570002
"482",2003,"Drought","Whitman","WA","WHEAT",5.98396767613792
"483",2004,"Drought","Whitman","WA","WHEAT",4.78900842018987
"484",2005,"Drought","Whitman","WA","WHEAT",6.18142266696607
"485",2006,"Drought","Whitman","WA","WHEAT",5.13822707696549
"486",2007,"Drought","Whitman","WA","WHEAT",5.83830203882203
"487",2008,"Drought","Whitman","WA","WHEAT",6.68316663566056
"488",2009,"Drought","Whitman","WA","WHEAT",6.66428980610897
"489",2010,"Drought","Whitman","WA","WHEAT",5.89708440101439
"490",2011,"Drought","Whitman","WA","WHEAT",5.11778981870968
"491",2012,"Drought","Whitman","WA","WHEAT",3.5066403055665
"492",2013,"Drought","Whitman","WA","WHEAT",5.67529109973209
"493",2014,"Drought","Whitman","WA","WHEAT",7.04009001157087
"494",2015,"Drought","Whitman","WA","WHEAT",7.17883503665166
