"","year","damagecause","county","state","commodity","cube_loss"
"468",1989,"Drought","Whitman","WA","WHEAT",127.021167965545
"469",1990,"Drought","Whitman","WA","WHEAT",87.9600007633461
"470",1991,"Drought","Whitman","WA","WHEAT",73.7841400147442
"471",1992,"Drought","Whitman","WA","WHEAT",323.703017592694
"472",1993,"Drought","Whitman","WA","WHEAT",18.4185624577454
"473",1994,"Drought","Whitman","WA","WHEAT",322.669920576623
"474",1995,"Drought","Whitman","WA","WHEAT",165.843691132312
"475",1996,"Drought","Whitman","WA","WHEAT",61.6263267201721
"476",1997,"Drought","Whitman","WA","WHEAT",13.3119797088494
"477",1998,"Drought","Whitman","WA","WHEAT",40.5638623862183
"478",1999,"Drought","Whitman","WA","WHEAT",265.517234422856
"479",2000,"Drought","Whitman","WA","WHEAT",121.806377660569
"480",2001,"Drought","Whitman","WA","WHEAT",262.470864172476
"481",2002,"Drought","Whitman","WA","WHEAT",268.366934746171
"482",2003,"Drought","Whitman","WA","WHEAT",256.228355381932
"483",2004,"Drought","Whitman","WA","WHEAT",112.979990887997
"484",2005,"Drought","Whitman","WA","WHEAT",290.74570878614
"485",2006,"Drought","Whitman","WA","WHEAT",105.182184709552
"486",2007,"Drought","Whitman","WA","WHEAT",224.162641594313
"487",2008,"Drought","Whitman","WA","WHEAT",505.421066650394
"488",2009,"Drought","Whitman","WA","WHEAT",479.947307884843
"489",2010,"Drought","Whitman","WA","WHEAT",272.629935048662
"490",2011,"Drought","Whitman","WA","WHEAT",56.5960820237302
"491",2012,"Drought","Whitman","WA","WHEAT",14.7529918282331
"492",2013,"Drought","Whitman","WA","WHEAT",242.061165715681
"493",2014,"Drought","Whitman","WA","WHEAT",599.187763934689
"494",2015,"Drought","Whitman","WA","WHEAT",721.920048300751
