"","year","damagecause","county","state","commodity","(loss/acres)"
"330",2001,"Drought","Walla Walla","WA","WHEAT",226.745108098864
"331",2002,"Drought","Walla Walla","WA","WHEAT",316.031965647626
"332",2003,"Drought","Walla Walla","WA","WHEAT",160.730838684423
"333",2004,"Drought","Walla Walla","WA","WHEAT",108.839039050929
"334",2005,"Drought","Walla Walla","WA","WHEAT",325.169963142663
"335",2006,"Drought","Walla Walla","WA","WHEAT",326.66675523679
"336",2007,"Drought","Walla Walla","WA","WHEAT",478.114909916224
"337",2008,"Drought","Walla Walla","WA","WHEAT",638.414832184752
"338",2009,"Drought","Walla Walla","WA","WHEAT",1187.08375456325
"339",2010,"Drought","Walla Walla","WA","WHEAT",244.524902099322
"340",2012,"Drought","Walla Walla","WA","WHEAT",282.458551213637
"341",2013,"Drought","Walla Walla","WA","WHEAT",998.268957610125
"342",2014,"Drought","Walla Walla","WA","WHEAT",633.278449963375
"343",2015,"Drought","Walla Walla","WA","WHEAT",979.343673868624
