"","year","damagecause","county","state","commodity","acres"
"330",2001,"Drought","Walla Walla","WA","WHEAT",10532.207
"331",2002,"Drought","Walla Walla","WA","WHEAT",38306.4005
"332",2003,"Drought","Walla Walla","WA","WHEAT",33742.622
"333",2004,"Drought","Walla Walla","WA","WHEAT",4699.53
"334",2005,"Drought","Walla Walla","WA","WHEAT",26450.369
"335",2006,"Drought","Walla Walla","WA","WHEAT",10553.9154
"336",2007,"Drought","Walla Walla","WA","WHEAT",19571.071
"337",2008,"Drought","Walla Walla","WA","WHEAT",33406.66
"338",2009,"Drought","Walla Walla","WA","WHEAT",21102.954
"339",2010,"Drought","Walla Walla","WA","WHEAT",5214.36
"340",2012,"Drought","Walla Walla","WA","WHEAT",1658.5325
"341",2013,"Drought","Walla Walla","WA","WHEAT",25630.2217
"342",2014,"Drought","Walla Walla","WA","WHEAT",74454.9934
"343",2015,"Drought","Walla Walla","WA","WHEAT",103535.4203
