"","year","damagecause","county","state","commodity","cube_loss"
"444",1989,"Drought","Walla Walla","WA","WHEAT",113.785096802341
"445",1990,"Drought","Walla Walla","WA","WHEAT",135.853688324936
"446",1991,"Drought","Walla Walla","WA","WHEAT",147.259005272373
"447",1992,"Drought","Walla Walla","WA","WHEAT",256.072007688407
"448",1994,"Drought","Walla Walla","WA","WHEAT",213.880804075023
"449",1995,"Drought","Walla Walla","WA","WHEAT",16.7862510337322
"450",1997,"Drought","Walla Walla","WA","WHEAT",31.330289566134
"451",1998,"Drought","Walla Walla","WA","WHEAT",125.438040099326
"452",1999,"Drought","Walla Walla","WA","WHEAT",331.200981945343
"453",2000,"Drought","Walla Walla","WA","WHEAT",122.540282332669
"454",2001,"Drought","Walla Walla","WA","WHEAT",190.515759554394
"455",2002,"Drought","Walla Walla","WA","WHEAT",384.15121480465
"456",2003,"Drought","Walla Walla","WA","WHEAT",226.861402771419
"457",2004,"Drought","Walla Walla","WA","WHEAT",124.324803432284
"458",2005,"Drought","Walla Walla","WA","WHEAT",288.283870676031
"459",2006,"Drought","Walla Walla","WA","WHEAT",241.176200503169
"460",2007,"Drought","Walla Walla","WA","WHEAT",270.353402079354
"461",2008,"Drought","Walla Walla","WA","WHEAT",454.090905969871
"462",2009,"Drought","Walla Walla","WA","WHEAT",444.610292059149
"463",2010,"Drought","Walla Walla","WA","WHEAT",121.889153907644
"464",2012,"Drought","Walla Walla","WA","WHEAT",99.6660275926936
"465",2013,"Drought","Walla Walla","WA","WHEAT",556.821664088455
"466",2014,"Drought","Walla Walla","WA","WHEAT",625.210655177343
"467",2015,"Drought","Walla Walla","WA","WHEAT",735.331844397717
