"","year","damagecause","county","state","commodity","loss"
"468",1989,"Drought","Whitman","WA","WHEAT",167177
"469",1990,"Drought","Whitman","WA","WHEAT",63525
"470",1991,"Drought","Whitman","WA","WHEAT",51592
"471",1992,"Drought","Whitman","WA","WHEAT",922957
"472",1993,"Drought","Whitman","WA","WHEAT",2755
"473",1994,"Drought","Whitman","WA","WHEAT",973583
"474",1995,"Drought","Whitman","WA","WHEAT",167480
"475",1996,"Drought","Whitman","WA","WHEAT",21479
"476",1997,"Drought","Whitman","WA","WHEAT",2359
"477",1998,"Drought","Whitman","WA","WHEAT",18877
"478",1999,"Drought","Whitman","WA","WHEAT",760901
"479",2000,"Drought","Whitman","WA","WHEAT",230395
"480",2001,"Drought","Whitman","WA","WHEAT",878108.96
"481",2002,"Drought","Whitman","WA","WHEAT",692487.4
"482",2003,"Drought","Whitman","WA","WHEAT",963757.29
"483",2004,"Drought","Whitman","WA","WHEAT",61518.88
"484",2005,"Drought","Whitman","WA","WHEAT",1518527.52
"485",2006,"Drought","Whitman","WA","WHEAT",137476.06
"486",2007,"Drought","Whitman","WA","WHEAT",689131.4
"487",2008,"Drought","Whitman","WA","WHEAT",4821327.53
"488",2009,"Drought","Whitman","WA","WHEAT",4616255.16
"489",2010,"Drought","Whitman","WA","WHEAT",789013.44
"490",2011,"Drought","Whitman","WA","WHEAT",131156.5
"491",2012,"Drought","Whitman","WA","WHEAT",3211
"492",2013,"Drought","Whitman","WA","WHEAT",473468.51
"493",2014,"Drought","Whitman","WA","WHEAT",10967054.75
"494",2015,"Drought","Whitman","WA","WHEAT",15095066.71
