"","year","damagecause","county","state","commodity","cube_acres"
"330",2001,"Drought","Walla Walla","WA","WHEAT",53.3705529483418
"331",2002,"Drought","Walla Walla","WA","WHEAT",113.060815538933
"332",2003,"Drought","Walla Walla","WA","WHEAT",69.4798820259576
"333",2004,"Drought","Walla Walla","WA","WHEAT",41.791836136997
"334",2005,"Drought","Walla Walla","WA","WHEAT",76.0369913835413
"335",2006,"Drought","Walla Walla","WA","WHEAT",61.2210606310294
"336",2007,"Drought","Walla Walla","WA","WHEAT",62.5037302140078
"337",2008,"Drought","Walla Walla","WA","WHEAT",90.834107198869
"338",2009,"Drought","Walla Walla","WA","WHEAT",79.853896765844
"339",2010,"Drought","Walla Walla","WA","WHEAT",37.906319103403
"340",2012,"Drought","Walla Walla","WA","WHEAT",22.4124857551636
"341",2013,"Drought","Walla Walla","WA","WHEAT",115.585715733811
"342",2014,"Drought","Walla Walla","WA","WHEAT",147.303060193187
"343",2015,"Drought","Walla Walla","WA","WHEAT",163.83223698374
