"","year","damagecause","county","state","commodity","pct_acreage"
"24",2001,"Drought","Walla Walla","WA","WHEAT",0.666509324112583
"52",2002,"Drought","Walla Walla","WA","WHEAT",0.80031991778348
"80",2003,"Drought","Walla Walla","WA","WHEAT",0.793382705459925
"101",2004,"Drought","Walla Walla","WA","WHEAT",0.196705431292562
"125",2005,"Drought","Walla Walla","WA","WHEAT",0.799293026266542
"150",2006,"Drought","Walla Walla","WA","WHEAT",0.213319183357332
"174",2007,"Drought","Walla Walla","WA","WHEAT",0.472443495156693
"201",2008,"Drought","Walla Walla","WA","WHEAT",0.659779077322937
"228",2009,"Drought","Walla Walla","WA","WHEAT",0.13348196039841
"251",2010,"Drought","Walla Walla","WA","WHEAT",0.452209507538473
"284",2012,"Drought","Walla Walla","WA","WHEAT",0.114612840436138
"309",2013,"Drought","Walla Walla","WA","WHEAT",0.250406251563194
"337",2014,"Drought","Walla Walla","WA","WHEAT",0.826719732007186
"365",2015,"Drought","Walla Walla","WA","WHEAT",0.766084527537553
